03/01/2009 18:15:05,0.00027179718017578125
04/01/2009 18:15:05,0.0
05/01/2009 18:15:05,0.0
06/01/2009 18:15:05,0.0
07/01/2009 18:15:05,0.0
08/01/2009 18:15:05,0.0
09/01/2009 18:15:05,0.00020503997802734375
10/01/2009 18:15:05,0.00020503997802734375
11/01/2009 18:15:05,0.00020540885205538767
12/01/2009 18:15:05,0.00022147746568315483
13/01/2009 18:15:05,0.00020797563635784646
14/01/2009 18:15:05,0.00020588768853081597
15/01/2009 18:15:05,0.00023054888867956447
16/01/2009 18:15:05,0.00020818874753754716
17/01/2009 18:15:05,0.00020812175892017507
18/01/2009 18:15:05,0.0002059464407439279
19/01/2009 18:15:05,0.00020938360390542935
20/01/2009 18:15:05,0.00022198413980418239
21/01/2009 18:15:05,0.00021699888516316373
22/01/2009 18:15:05,0.00022074381510416667
23/01/2009 18:15:05,0.00021165876246210356
24/01/2009 18:15:05,0.00021526202484590924
25/01/2009 18:15:05,0.00020691783157820553
26/01/2009 18:15:05,0.0002058538897284146
27/01/2009 18:15:05,0.00023128916916337987
28/01/2009 18:15:05,0.00020578069594299908
29/01/2009 18:15:05,0.0002054855471751729
30/01/2009 18:15:05,0.00021704366384458937
31/01/2009 18:15:05,0.00020557226136673327
01/02/2009 18:15:05,0.00022719646322316136
02/02/2009 18:15:05,0.0002058359581654466
03/02/2009 18:15:05,0.0002330751980052275
04/02/2009 18:15:05,0.00021208786382907773
05/02/2009 18:15:05,0.00020572567774244577
06/02/2009 18:15:05,0.0002058162245639535
07/02/2009 18:15:05,0.00022975225297231522
08/02/2009 18:15:05,0.00020745263170840136
09/02/2009 18:15:05,0.00024355202913284302
10/02/2009 18:15:05,0.0002056782639871432
11/02/2009 18:15:05,0.00021476600006336473
12/02/2009 18:15:05,0.00021026902279611362
13/02/2009 18:15:05,0.00020586290667133948
14/02/2009 18:15:05,0.00020586514303870234
15/02/2009 18:15:05,0.00021932164176565702
16/02/2009 18:15:05,0.00020588510404757367
17/02/2009 18:15:05,0.00023376335531978285
18/02/2009 18:15:05,0.00020593212496849799
19/02/2009 18:15:05,0.00020596919915614984
20/02/2009 18:15:05,0.00021977722644805908
21/02/2009 18:15:05,0.00020595897327769887
22/02/2009 18:15:05,0.00021799733816099562
23/02/2009 18:15:05,0.0002059401752792786
24/02/2009 18:15:05,0.000205942102380701
25/02/2009 18:15:05,0.00020585995968257155
26/02/2009 18:15:05,0.00020597378412882486
27/02/2009 18:15:05,0.0002057222816033092
28/02/2009 18:15:05,0.0002447951073740043
01/03/2009 18:15:05,0.0002135690653099204
02/03/2009 18:15:05,0.00020593863267164963
03/03/2009 18:15:05,0.00021490960750939712
04/03/2009 18:15:05,0.000205723744518352
05/03/2009 18:15:05,0.0002330744041586822
06/03/2009 18:15:05,0.0002135664729748742
07/03/2009 18:15:05,0.0002059678773622255
08/03/2009 18:15:05,0.0002330371311732701
09/03/2009 18:15:05,0.00020585861881222345
10/03/2009 18:15:05,0.00020581200009300594
11/03/2009 18:15:05,0.0002059318401195385
12/03/2009 18:15:05,0.00020933151245117188
13/03/2009 18:15:05,0.00021865911651075933
14/03/2009 18:15:05,0.00020593610303155306
15/03/2009 18:15:05,0.00020578745249155405
16/03/2009 18:15:05,0.00024640009953425483
17/03/2009 18:15:05,0.0002059521882430367
18/03/2009 18:15:05,0.0002059503035111861
19/03/2009 18:15:05,0.00021907149768266522
20/03/2009 18:15:05,0.00021719528456865732
21/03/2009 18:15:05,0.00020588218391715706
22/03/2009 18:15:05,0.0002193350540964227
23/03/2009 18:15:05,0.0002058852802623402
24/03/2009 18:15:05,0.0002059754871186756
25/03/2009 18:15:05,0.00020579634041621768
26/03/2009 18:15:05,0.00023323666732923118
27/03/2009 18:15:05,0.00020595897327769887
28/03/2009 18:15:05,0.0002252835185587907
29/03/2009 18:15:05,0.0002059595925467355
30/03/2009 18:15:05,0.00020587158203125
31/03/2009 18:15:05,0.00023709356257345824
01/04/2009 18:15:05,0.0002058777853707287
02/04/2009 18:15:05,0.00020587444305419922
03/04/2009 18:15:05,0.00020595145436514794
04/04/2009 18:15:05,0.00020574890406785813
05/04/2009 18:15:05,0.00020596408104711725
06/04/2009 18:15:05,0.00022276173467221467
07/04/2009 18:15:05,0.0002059840192698469
08/04/2009 18:15:05,0.00020599365234375
09/04/2009 18:15:05,0.00020588768853081597
10/04/2009 18:15:05,0.00020579921389089049
11/04/2009 18:15:05,0.00021288824863121156
12/04/2009 18:15:05,0.00020591901696246604
13/04/2009 18:15:05,0.0002164757770040761
14/04/2009 18:15:05,0.00020593357837106298
15/04/2009 18:15:05,0.0002057382038661412
16/04/2009 18:15:05,0.00020593162474593496
17/04/2009 18:15:05,0.00020584438158118207
18/04/2009 18:15:05,0.00021068385389984631
19/04/2009 18:15:05,0.00021490529805672268
20/04/2009 18:15:05,0.0002483221200796274
21/04/2009 18:15:05,0.000269874324643515
22/04/2009 18:15:05,0.00020592271789046359
23/04/2009 18:15:05,0.00020579099655151367
24/04/2009 18:15:05,0.00020584173962078263
25/04/2009 18:15:05,0.0002058607632996606
26/04/2009 18:15:05,0.00022173365321728067
27/04/2009 18:15:05,0.0002059300740559896
28/04/2009 18:15:05,0.00020573281834268162
29/04/2009 18:15:05,0.00020584633679893928
30/04/2009 18:15:05,0.00022272630171342328
01/05/2009 18:15:05,0.00020588510404757367
02/05/2009 18:15:05,0.00020768390438420987
03/05/2009 18:15:05,0.00022024020814059075
04/05/2009 18:15:05,0.0002123332414470735
05/05/2009 18:15:05,0.0002309336806788589
06/05/2009 18:15:05,0.0002142147426187557
07/05/2009 18:15:05,0.00020599365234375
08/05/2009 18:15:05,0.00020595456733078253
09/05/2009 18:15:05,0.0002055954147171188
10/05/2009 18:15:05,0.00020570139731130292
11/05/2009 18:15:05,0.00020871042203502495
12/05/2009 18:15:05,0.00020594108761764888
13/05/2009 18:15:05,0.00020917809527853262
14/05/2009 18:15:05,0.0002128342936809798
15/05/2009 18:15:05,0.00020892136580460556
16/05/2009 18:15:05,0.0002158482869466146
17/05/2009 18:15:05,0.0002059478759765625
18/05/2009 18:15:05,0.00020593212496849799
19/05/2009 18:15:05,0.0002058887481689453
20/05/2009 18:15:05,0.00020570938403789813
21/05/2009 18:15:05,0.00020592935969320576
22/05/2009 18:15:05,0.0002059706722397402
23/05/2009 18:15:05,0.00020599365234375
24/05/2009 18:15:05,0.00020589431126912436
25/05/2009 18:15:05,0.00020594256264822825
26/05/2009 18:15:05,0.00020594301476942753
27/05/2009 18:15:05,0.00020571136474609376
28/05/2009 18:15:05,0.00020591958055218447
29/05/2009 18:15:05,0.0002672248911634784
30/05/2009 18:15:05,0.00020568810620354218
31/05/2009 18:15:05,0.00020599365234375
01/06/2009 18:15:05,0.00020954706897474316
02/06/2009 18:15:05,0.00020589721336793364
03/06/2009 18:15:05,0.00020598392097317443
04/06/2009 18:15:05,0.00020596919915614984
05/06/2009 18:15:05,0.00020589326557360197
06/06/2009 18:15:05,0.00020519892374674478
07/06/2009 18:15:05,0.00020599365234375
08/06/2009 18:15:05,0.00020582146114773222
09/06/2009 18:15:05,0.00020577045197182512
10/06/2009 18:15:05,0.00020592471203172063
11/06/2009 18:15:05,0.00020594237953103998
12/06/2009 18:15:05,0.00020592029278094953
13/06/2009 18:15:05,0.00020543949024097338
14/06/2009 18:15:05,0.00020573479788643973
15/06/2009 18:15:05,0.0002058889807724371
16/06/2009 18:15:05,0.0002058499479947025
17/06/2009 18:15:05,0.0002055849347795759
18/06/2009 18:15:05,0.00020576995096088929
19/06/2009 18:15:05,0.00020578537864246587
20/06/2009 18:15:05,0.00020574388049897694
21/06/2009 18:15:05,0.00020565032958984374
22/06/2009 18:15:05,0.0002878904342651367
23/06/2009 18:15:05,0.00020575523376464844
24/06/2009 18:15:05,0.00021177179673138787
25/06/2009 18:15:05,0.00020578745249155405
26/06/2009 18:15:05,0.00023056416029340767
27/06/2009 18:15:05,0.00020566828110638787
28/06/2009 18:15:05,0.0002102197385301777
29/06/2009 18:15:05,0.00020579287880345394
30/06/2009 18:15:05,0.00021329419366244613
01/07/2009 18:15:05,0.0002089695758130177
02/07/2009 18:15:05,0.00020571549733479819
03/07/2009 18:15:05,0.00020859040409685616
04/07/2009 18:15:05,0.00020589721336793364
05/07/2009 18:15:05,0.00020594596862792968
06/07/2009 18:15:05,0.00020597269246866416
07/07/2009 18:15:05,0.000205978514656188
08/07/2009 18:15:05,0.0002059453650365902
09/07/2009 18:15:05,0.00020573462968991128
10/07/2009 18:15:05,0.0002058773505978468
11/07/2009 18:15:05,0.000205948239281064
12/07/2009 18:15:05,0.00020580542714972245
13/07/2009 18:15:05,0.00020593091061240747
14/07/2009 18:15:05,0.000205940670437283
15/07/2009 18:15:05,0.00020593145619268003
16/07/2009 18:15:05,0.00020593836687613225
17/07/2009 18:15:05,0.00020577357365534856
18/07/2009 18:15:05,0.00020503997802734375
19/07/2009 18:15:05,0.00020579191354604869
20/07/2009 18:15:05,0.000205841064453125
21/07/2009 18:15:05,0.0003852457613558383
22/07/2009 18:15:05,0.0002055651899697124
23/07/2009 18:15:05,0.00020557461362896544
24/07/2009 18:15:05,0.00020587921142578125
25/07/2009 18:15:05,0.00020590368306861733
26/07/2009 18:15:05,0.0002056268545297476
27/07/2009 18:15:05,0.00020582973957061768
28/07/2009 18:15:05,0.00020575523376464844
29/07/2009 18:15:05,0.00020575523376464844
30/07/2009 18:15:05,0.0002399853297642299
31/07/2009 18:15:05,0.00020583470662434897
01/08/2009 18:15:05,0.00020570340363875678
02/08/2009 18:15:05,0.00020583470662434897
03/08/2009 18:15:05,0.00020554860432942708
04/08/2009 18:15:05,0.00020559902848868534
05/08/2009 18:15:05,0.00020577357365534856
06/08/2009 18:15:05,0.00020583470662434897
07/08/2009 18:15:05,0.000205942102380701
08/08/2009 18:15:05,0.00035438304994164446
09/08/2009 18:15:05,0.00020596445823202328
10/08/2009 18:15:05,0.00020599365234375
11/08/2009 18:15:05,0.00020590824867362407
12/08/2009 18:15:05,0.00020569913527544807
13/08/2009 18:15:05,0.0002056875346619406
14/08/2009 18:15:05,0.00020586160513070913
15/08/2009 18:15:05,0.00020551681518554688
16/08/2009 18:15:05,0.00020549774169921874
17/08/2009 18:15:05,0.0002058253568761489
18/08/2009 18:15:05,0.00020588768853081597
19/08/2009 18:15:05,0.00020548502604166667
20/08/2009 18:15:05,0.00020531813303629556
21/08/2009 18:15:05,0.00020503997802734375
22/08/2009 18:15:05,0.00020503997802734375
23/08/2009 18:15:05,0.0002055962880452474
24/08/2009 18:15:05,0.00020515918731689453
25/08/2009 18:15:05,0.00020554282448508523
26/08/2009 18:15:05,0.00020588011968703497
27/08/2009 18:15:05,0.00038849512736002605
28/08/2009 18:15:05,0.0002057105302810669
29/08/2009 18:15:05,0.0002057638513036521
30/08/2009 18:15:05,0.00020747714572482638
31/08/2009 18:15:05,0.0002132172280169548
01/09/2009 18:15:05,0.0002058367185954806
02/09/2009 18:15:05,0.0002058113322538488
03/09/2009 18:15:05,0.00023206075032552084
04/09/2009 18:15:05,0.0002056908985925099
05/09/2009 18:15:05,0.00020587276405012103
06/09/2009 18:15:05,0.00020582146114773222
07/09/2009 18:15:05,0.00022454139513847156
08/09/2009 18:15:05,0.00020574800895922112
09/09/2009 18:15:05,0.00020579634041621768
10/09/2009 18:15:05,0.00020589984831262807
11/09/2009 18:15:05,0.0002057973076315487
12/09/2009 18:15:05,0.0002058190359196193
13/09/2009 18:15:05,0.00020584378923688617
14/09/2009 18:15:05,0.00020588768853081597
15/09/2009 18:15:05,0.00020585741315569197
16/09/2009 18:15:05,0.00020944661107556573
17/09/2009 18:15:05,0.00033939315612057606
18/09/2009 18:15:05,0.00020578172471788194
19/09/2009 18:15:05,0.00020596678827849912
20/09/2009 18:15:05,0.00020596950869017008
21/09/2009 18:15:05,0.00020595498987146325
22/09/2009 18:15:05,0.00023247213924632352
23/09/2009 18:15:05,0.00036833021375868056
24/09/2009 18:15:05,0.0002055865962330888
25/09/2009 18:15:05,0.00023480415344238282
26/09/2009 18:15:05,0.0002054965242426446
27/09/2009 18:15:05,0.00022582793503664854
28/09/2009 18:15:05,0.0002059394663030451
29/09/2009 18:15:05,0.0002632256013801299
30/09/2009 18:15:05,0.00020581826396372127
01/10/2009 18:15:05,0.0002058590159696691
02/10/2009 18:15:05,0.0002209345499674479
03/10/2009 18:15:05,0.00020546748720366378
04/10/2009 18:15:05,0.00020560280221407532
05/10/2009 18:15:05,0.0002057470124343346
06/10/2009 18:15:05,0.0002491648604230183
07/10/2009 18:15:05,0.00020576925838694852
08/10/2009 18:15:05,0.00020550319126674108
09/10/2009 18:15:05,0.00020561462793594753
10/10/2009 18:15:05,0.00020578310087129669
11/10/2009 18:15:05,0.0002057884312883208
12/10/2009 18:15:05,0.0003383851820422757
13/10/2009 18:15:05,0.00020578795788334865
14/10/2009 18:15:05,0.00020575523376464844
15/10/2009 18:15:05,0.00020536534926470588
16/10/2009 18:15:05,0.0003437335674579327
17/10/2009 18:15:05,0.0002058375965465199
18/10/2009 18:15:05,0.00021825730800628662
19/10/2009 18:15:05,0.00020548309942688606
20/10/2009 18:15:05,0.00020554688599732545
21/10/2009 18:15:05,0.00033918633518448797
22/10/2009 18:15:05,0.00028122303097747096
23/10/2009 18:15:05,0.0002054894107511674
24/10/2009 18:15:05,0.000205535888671875
25/10/2009 18:15:05,0.00021739855204543022
26/10/2009 18:15:05,0.00020580291748046876
27/10/2009 18:15:05,0.0002335924090761127
28/10/2009 18:15:05,0.0002056509256362915
29/10/2009 18:15:05,0.00022836685180664063
30/10/2009 18:15:05,0.00026152563876793034
31/10/2009 18:15:05,0.00020531548394097222
01/11/2009 18:15:05,0.00020535786946614584
02/11/2009 18:15:05,0.00020530007102272728
03/11/2009 18:15:05,0.0002056590297765899
04/11/2009 18:15:05,0.00020537837859122983
05/11/2009 18:15:05,0.000279352068901062
06/11/2009 18:15:05,0.0002055849347795759
07/11/2009 18:15:05,0.0002056422986482319
08/11/2009 18:15:05,0.0002055849347795759
09/11/2009 18:15:05,0.0002056708702674279
10/11/2009 18:15:05,0.00020544293900610696
11/11/2009 18:15:05,0.00030810591103374094
12/11/2009 18:15:05,0.00020538057599748884
13/11/2009 18:15:05,0.00023053033011300223
14/11/2009 18:15:05,0.00020564895078360317
15/11/2009 18:15:05,0.0002055962880452474
16/11/2009 18:15:05,0.00020569801330566406
17/11/2009 18:15:05,0.00020568973415500516
18/11/2009 18:15:05,0.0002055590665793117
19/11/2009 18:15:05,0.00020536657882063355
20/11/2009 18:15:05,0.0003356468386766387
21/11/2009 18:15:05,0.00020572117396763394
22/11/2009 18:15:05,0.00020569801330566406
23/11/2009 18:15:05,0.00020587444305419922
24/11/2009 18:15:05,0.00020561966241574754
25/11/2009 18:15:05,0.0002056570614085478
26/11/2009 18:15:05,0.00020554126837314703
27/11/2009 18:15:05,0.0002055231730143229
28/11/2009 18:15:05,0.00020552904177934697
29/11/2009 18:15:05,0.00020564835647056843
30/11/2009 18:15:05,0.00020574879001926733
01/12/2009 18:15:05,0.0002058202570134943
02/12/2009 18:15:05,0.00039602785694355867
03/12/2009 18:15:05,0.0002057804780847886
04/12/2009 18:15:05,0.00020560439752072705
05/12/2009 18:15:05,0.00020524171682504506
06/12/2009 18:15:05,0.0002296629406156994
07/12/2009 18:15:05,0.0002056182699000582
08/12/2009 18:15:05,0.0002338826155462185
09/12/2009 18:15:05,0.0002443130980146692
10/12/2009 18:15:05,0.00021268789050648513
11/12/2009 18:15:05,0.00020540618896484374
12/12/2009 18:15:05,0.0002792377283077429
13/12/2009 18:15:05,0.00020566353431114784
14/12/2009 18:15:05,0.0005442124825936777
15/12/2009 18:15:05,0.0002136394895356277
16/12/2009 18:15:05,0.000223760845280495
17/12/2009 18:15:05,0.00021372374540530375
18/12/2009 18:15:05,0.00020653247833251953
19/12/2009 18:15:05,0.00020650029182434082
20/12/2009 18:15:05,0.0002059446062360491
21/12/2009 18:15:05,0.00020649343888389874
22/12/2009 18:15:05,0.00020580542714972245
23/12/2009 18:15:05,0.00020564942670291697
24/12/2009 18:15:05,0.00020568900638156466
25/12/2009 18:15:05,0.00020715992921476912
26/12/2009 18:15:05,0.0002057177465666765
27/12/2009 18:15:05,0.00020953748353134244
28/12/2009 18:15:05,0.0002058139745739923
29/12/2009 18:15:05,0.00020566800745522103
30/12/2009 18:15:05,0.0002057185539832482
31/12/2009 18:15:05,0.0002056439717610677
01/01/2010 18:15:05,0.00020559294884946167
02/01/2010 18:15:05,0.00020798169649564302
03/01/2010 18:15:05,0.00020568941268452837
04/01/2010 18:15:05,0.00025421443738435443
05/01/2010 18:15:05,0.00020570021409254806
06/01/2010 18:15:05,0.00020573410806776603
07/01/2010 18:15:05,0.00020562177933986832
08/01/2010 18:15:05,0.00020573933919270832
09/01/2010 18:15:05,0.0002058003399823163
10/01/2010 18:15:05,0.0002058139022108148
11/01/2010 18:15:05,0.0002057273666580002
12/01/2010 18:15:05,0.0003485392375164721
13/01/2010 18:15:05,0.0002084623409222953
14/01/2010 18:15:05,0.00020762334896039358
15/01/2010 18:15:05,0.00021219954771154066
16/01/2010 18:15:05,0.00021000762483966884
17/01/2010 18:15:05,0.0002120646034798971
18/01/2010 18:15:05,0.00020553148709810697
19/01/2010 18:15:05,0.00020719576282661502
20/01/2010 18:15:05,0.00020552362714494979
21/01/2010 18:15:05,0.00022395273272910816
22/01/2010 18:15:05,0.0002090899149576823
23/01/2010 18:15:05,0.00020706100969125103
24/01/2010 18:15:05,0.00020969653951710668
25/01/2010 18:15:05,0.00024098833206251925
26/01/2010 18:15:05,0.00021895795765489634
27/01/2010 18:15:05,0.00020835898016805703
28/01/2010 18:15:05,0.00022955436927045702
29/01/2010 18:15:05,0.00021243713062661917
30/01/2010 18:15:05,0.00021611319647894966
31/01/2010 18:15:05,0.00022247925545405416
01/02/2010 18:15:05,0.00023291497257168733
02/02/2010 18:15:05,0.00020544965502241968
03/02/2010 18:15:05,0.00021814416956018518
04/02/2010 18:15:05,0.00021148037600826906
05/02/2010 18:15:05,0.000330302180076132
06/02/2010 18:15:05,0.00021698337574903878
07/02/2010 18:15:05,0.0002165163196803291
08/02/2010 18:15:05,0.00027783561091852414
09/02/2010 18:15:05,0.00020811546362187874
10/02/2010 18:15:05,0.0009065064244300314
11/02/2010 18:15:05,0.00021608224075831724
12/02/2010 18:15:05,0.00025737986845128676
13/02/2010 18:15:05,0.00022771954536437988
14/02/2010 18:15:05,0.0002793895388112485
15/02/2010 18:15:05,0.00024691401301203545
16/02/2010 18:15:05,0.00023547581263950893
17/02/2010 18:15:05,0.00022389970976730873
18/02/2010 18:15:05,0.00022975221992059566
19/02/2010 18:15:05,0.00021719799361415414
20/02/2010 18:15:05,0.00020825325905739724
21/02/2010 18:15:05,0.00022305729233215902
22/02/2010 18:15:05,0.00036617353850719973
23/02/2010 18:15:05,0.00020631281028230826
24/02/2010 18:15:05,0.00026867013228567025
25/02/2010 18:15:05,0.00021639385738888304
26/02/2010 18:15:05,0.00030391356524299174
27/02/2010 18:15:05,0.00021306627747640444
28/02/2010 18:15:05,0.0002779489682044512
01/03/2010 18:15:05,0.00021765308995400705
02/03/2010 18:15:05,0.00023651609615403779
03/03/2010 18:15:05,0.00020993078077161635
04/03/2010 18:15:05,0.0002820989587804773
05/03/2010 18:15:05,0.0004442923409598214
06/03/2010 18:15:05,0.00026233339570259136
07/03/2010 18:15:05,0.0002812291845420881
08/03/2010 18:15:05,0.0003529646817375632
09/03/2010 18:15:05,0.00026463173531197215
10/03/2010 18:15:05,0.00022133564789023175
11/03/2010 18:15:05,0.00027511544423560575
12/03/2010 18:15:05,0.00021050340038234903
13/03/2010 18:15:05,0.00023229816291905656
14/03/2010 18:15:05,0.00021649932861328124
15/03/2010 18:15:05,0.00021339231921780493
16/03/2010 18:15:05,0.00020900894613826976
17/03/2010 18:15:05,0.00024716447039348325
18/03/2010 18:15:05,0.00021422214997120394
19/03/2010 18:15:05,0.00035382034187030076
20/03/2010 18:15:05,0.00025513999820373217
21/03/2010 18:15:05,0.00022544650083088742
22/03/2010 18:15:05,0.0002353635884947696
23/03/2010 18:15:05,0.00024675508824790397
24/03/2010 18:15:05,0.00022885443150312052
25/03/2010 18:15:05,0.00041231032340757306
26/03/2010 18:15:05,0.00023935758150540865
27/03/2010 18:15:05,0.00024433245604065646
28/03/2010 18:15:05,0.00021550581627285357
29/03/2010 18:15:05,0.0002496888240178426
30/03/2010 18:15:05,0.00021280948584678614
31/03/2010 18:15:05,0.0002180228486729129
01/04/2010 18:15:05,0.0002227712560583044
02/04/2010 18:15:05,0.00022819879892710092
03/04/2010 18:15:05,0.00022484308265777956
04/04/2010 18:15:05,0.00023772917598126884
05/04/2010 18:15:05,0.0002664083457854857
06/04/2010 18:15:05,0.0003611005585769127
07/04/2010 18:15:05,0.0002696180590693815
08/04/2010 18:15:05,0.0002525965372721354
09/04/2010 18:15:05,0.00024305763891187764
10/04/2010 18:15:05,0.00041145881017049153
11/04/2010 18:15:05,0.0002805039473657329
12/04/2010 18:15:05,0.0003232560399490567
13/04/2010 18:15:05,0.00025277571244673296
14/04/2010 18:15:05,0.0002743387222290039
15/04/2010 18:15:05,0.0006249112990296003
16/04/2010 18:15:05,0.0003044487226127398
17/04/2010 18:15:05,0.0002837090265183222
18/04/2010 18:15:05,0.0012485360199550413
19/04/2010 18:15:05,0.002685551269812518
20/04/2010 18:15:05,0.00044043936380525913
21/04/2010 18:15:05,0.0002543462347660669
22/04/2010 18:15:05,0.0003031606728074241
23/04/2010 18:15:05,0.00028792063395182294
24/04/2010 18:15:05,0.00037494970827686545
25/04/2010 18:15:05,0.00030046384010089217
26/04/2010 18:15:05,0.00033976049984202664
27/04/2010 18:15:05,0.00029329412123736215
28/04/2010 18:15:05,0.0003118351527622768
29/04/2010 18:15:05,0.0002788327774911557
30/04/2010 18:15:05,0.0002603094562206393
01/05/2010 18:15:05,0.00025573098586380847
02/05/2010 18:15:05,0.00024525698493508733
03/05/2010 18:15:05,0.0002953946590423584
04/05/2010 18:15:05,0.00030874105600210336
05/05/2010 18:15:05,0.00044989259275671553
06/05/2010 18:15:05,0.0003246724210827556
07/05/2010 18:15:05,0.000437590912098193
08/05/2010 18:15:05,0.00025385134928935285
09/05/2010 18:15:05,0.0005151385992345675
10/05/2010 18:15:05,0.00029784571515382644
11/05/2010 18:15:05,0.00031075684920601224
12/05/2010 18:15:05,0.0002814285026108923
13/05/2010 18:15:05,0.00035680624154897834
14/05/2010 18:15:05,0.0003325382868448893
15/05/2010 18:15:05,0.003218956713406545
16/05/2010 18:15:05,0.00027757883071899414
17/05/2010 18:15:05,0.0003095600340101454
18/05/2010 18:15:05,0.00030593077341715497
19/05/2010 18:15:05,0.00035573818065502027
20/05/2010 18:15:05,0.00027360030210734715
21/05/2010 18:15:05,0.00030010841988228464
22/05/2010 18:15:05,0.0002943972746531169
23/05/2010 18:15:05,0.00046517128168150436
24/05/2010 18:15:05,0.0003170264394659745
25/05/2010 18:15:05,0.00029139851414880085
26/05/2010 18:15:05,0.00030180193343252505
27/05/2010 18:15:05,0.0003603177192883614
28/05/2010 18:15:05,0.0002677952317886701
29/05/2010 18:15:05,0.000323068066901967
30/05/2010 18:15:05,0.00032723028928238827
31/05/2010 18:15:05,0.00027414372092799137
01/06/2010 18:15:05,0.00034548106946443255
02/06/2010 18:15:05,0.00030742014261116656
03/06/2010 18:15:05,0.0003751523935111465
04/06/2010 18:15:05,0.00033656815837200424
05/06/2010 18:15:05,0.0002903835378962455
06/06/2010 18:15:05,0.0003151230464707937
07/06/2010 18:15:05,0.00044970023326384713
08/06/2010 18:15:05,0.000348411028898215
09/06/2010 18:15:05,0.00028450106397087194
10/06/2010 18:15:05,0.00032685902304278164
11/06/2010 18:15:05,0.0003389914830525716
12/06/2010 18:15:05,0.0003973271724951528
13/06/2010 18:15:05,0.0003115079417732191
14/06/2010 18:15:05,0.0004421347065975792
15/06/2010 18:15:05,0.0003658849365857183
16/06/2010 18:15:05,0.00031737891995176976
17/06/2010 18:15:05,0.00038026929735303757
18/06/2010 18:15:05,0.0002740975972768423
19/06/2010 18:15:05,0.00044698956646496734
20/06/2010 18:15:05,0.00030537974627720826
21/06/2010 18:15:05,0.00035496111269350404
22/06/2010 18:15:05,0.0003709732731686363
23/06/2010 18:15:05,0.00034092462550826936
24/06/2010 18:15:05,0.00033942421714028157
25/06/2010 18:15:05,0.00033141437329744036
26/06/2010 18:15:05,0.0002694217705287816
27/06/2010 18:15:05,0.00031063991522639053
28/06/2010 18:15:05,0.0003140806420449099
29/06/2010 18:15:05,0.0004261028692589043
30/06/2010 18:15:05,0.0006183178528495457
01/07/2010 18:15:05,0.0007917239115788386
02/07/2010 18:15:05,0.00032829829624720985
03/07/2010 18:15:05,0.0005927705764770508
04/07/2010 18:15:05,0.0003257156700216314
05/07/2010 18:15:05,0.00044417381286621094
06/07/2010 18:15:05,0.0003191857110886347
07/07/2010 18:15:05,0.0004131701085474584
08/07/2010 18:15:05,0.0003252150137213212
09/07/2010 18:15:05,0.00030414641849578375
10/07/2010 18:15:05,0.0003346125284830729
11/07/2010 18:15:05,0.000331248267222259
12/07/2010 18:15:05,0.000858384963364629
13/07/2010 18:15:05,0.0005777830718665995
14/07/2010 18:15:05,0.0025304867415478004
15/07/2010 18:15:05,0.000968318719130296
16/07/2010 18:15:05,0.0006075144611473466
17/07/2010 18:15:05,0.0007515839540241846
18/07/2010 18:15:05,0.000680657072440206
19/07/2010 18:15:05,0.0009150621367663872
20/07/2010 18:15:05,0.001064354114318162
21/07/2010 18:15:05,0.0006306855985433749
22/07/2010 18:15:05,0.0005509891612007019
23/07/2010 18:15:05,0.00048749471448131444
24/07/2010 18:15:05,0.0005332534377639358
25/07/2010 18:15:05,0.004065482415885569
26/07/2010 18:15:05,0.0005103918222280649
27/07/2010 18:15:05,0.001303236825125558
28/07/2010 18:15:05,0.0008809301588270399
29/07/2010 18:15:05,0.004491380964006696
30/07/2010 18:15:05,0.0007027112520658053
31/07/2010 18:15:05,0.0005028689349139178
01/08/2010 18:15:05,0.0003846328182997207
02/08/2010 18:15:05,0.0004118333651324895
03/08/2010 18:15:05,0.0007023936823794717
04/08/2010 18:15:05,0.0005002858345968681
05/08/2010 18:15:05,0.0008455573535356366
06/08/2010 18:15:05,0.0006980718292804979
07/08/2010 18:15:05,0.0006713531386684364
08/08/2010 18:15:05,0.00046435495217641193
09/08/2010 18:15:05,0.000583830333891369
10/08/2010 18:15:05,0.0013101688329724298
11/08/2010 18:15:05,0.0005102904710901498
12/08/2010 18:15:05,0.00043777588310591674
13/08/2010 18:15:05,0.0007577184158536147
14/08/2010 18:15:05,0.00041601758350357697
15/08/2010 18:15:05,0.0004886592518199574
16/08/2010 18:15:05,0.0007196952556741649
17/08/2010 18:15:05,0.0009142387914293595
18/08/2010 18:15:05,0.0018816567901381873
19/08/2010 18:15:05,0.0006818226405552456
20/08/2010 18:15:05,0.0006186433894905502
21/08/2010 18:15:05,0.0005035918691883917
22/08/2010 18:15:05,0.000467942587694331
23/08/2010 18:15:05,0.0004719193629954817
24/08/2010 18:15:05,0.0004141086485327744
25/08/2010 18:15:05,0.0007365852725663374
26/08/2010 18:15:05,0.0004760531278756949
27/08/2010 18:15:05,0.0005237386467751492
28/08/2010 18:15:05,0.0005203172481259821
29/08/2010 18:15:05,0.00047153762624233583
30/08/2010 18:15:05,0.0005730430551823353
31/08/2010 18:15:05,0.0010176685878208705
01/09/2010 18:15:05,0.000793733380057595
02/09/2010 18:15:05,0.0005458174951818606
03/09/2010 18:15:05,0.0005056977272033692
04/09/2010 18:15:05,0.0004231064013262701
05/09/2010 18:15:05,0.0005079139897852768
06/09/2010 18:15:05,0.00046450146556605953
07/09/2010 18:15:05,0.0004914833220425031
08/09/2010 18:15:05,0.0004955028232775236
09/09/2010 18:15:05,0.0006350460431433671
10/09/2010 18:15:05,0.0005965149193479304
11/09/2010 18:15:05,0.0004461135393307533
12/09/2010 18:15:05,0.0005472787742406293
13/09/2010 18:15:05,0.0008057792012284441
14/09/2010 18:15:05,0.0006347167186247997
15/09/2010 18:15:05,0.0006981961270596118
16/09/2010 18:15:05,0.0005236173930921053
17/09/2010 18:15:05,0.0004185482307716652
18/09/2010 18:15:05,0.0007057431377942049
19/09/2010 18:15:05,0.0004614739190964472
20/09/2010 18:15:05,0.0005557977757747704
21/09/2010 18:15:05,0.0010779590929968883
22/09/2010 18:15:05,0.001471872274586231
23/09/2010 18:15:05,0.0009625857731081405
24/09/2010 18:15:05,0.0006205473488908474
25/09/2010 18:15:05,0.000605408507998627
26/09/2010 18:15:05,0.0006653887366280338
27/09/2010 18:15:05,0.0007973318340397682
28/09/2010 18:15:05,0.000796446093806514
29/09/2010 18:15:05,0.0023873916453560867
30/09/2010 18:15:05,0.0009371777798267121
01/10/2010 18:15:05,0.0010224000001565004
02/10/2010 18:15:05,0.0013454944715587372
03/10/2010 18:15:05,0.0011360546774115445
04/10/2010 18:15:05,0.000856839217148818
05/10/2010 18:15:05,0.0009254982800987678
06/10/2010 18:15:05,0.000791461844193308
07/10/2010 18:15:05,0.0006551246422563674
08/10/2010 18:15:05,0.0007498956495715726
09/10/2010 18:15:05,0.0008664037667068781
10/10/2010 18:15:05,0.0006711649340252544
11/10/2010 18:15:05,0.0006036931818181818
12/10/2010 18:15:05,0.0006658911705017089
13/10/2010 18:15:05,0.0006435665153187407
14/10/2010 18:15:05,0.000766227642695109
15/10/2010 18:15:05,0.0004893380242425042
16/10/2010 18:15:05,0.0005678950992089435
17/10/2010 18:15:05,0.0004636074634308511
18/10/2010 18:15:05,0.0005983849594876227
19/10/2010 18:15:05,0.0012034114005634324
20/10/2010 18:15:05,0.0009531893281855135
21/10/2010 18:15:05,0.0007720054986650851
22/10/2010 18:15:05,0.0009749605764750561
23/10/2010 18:15:05,0.0010542485905789781
24/10/2010 18:15:05,0.000697812075337405
25/10/2010 18:15:05,0.0006050473167782738
26/10/2010 18:15:05,0.0006403528954371933
27/10/2010 18:15:05,0.0008625669299431567
28/10/2010 18:15:05,0.0006780180820198946
29/10/2010 18:15:05,0.000602174312510389
30/10/2010 18:15:05,0.0006301800409952799
31/10/2010 18:15:05,0.00045579868358570143
01/11/2010 18:15:05,0.0005869205961836145
02/11/2010 18:15:05,0.0004527398518153599
03/11/2010 18:15:05,0.0004542051856197528
04/11/2010 18:15:05,0.0004634058288254663
05/11/2010 18:15:05,0.0005964819154782926
06/11/2010 18:15:05,0.0005843190863580987
07/11/2010 18:15:05,0.0005335077162711851
08/11/2010 18:15:05,0.0008034724385345576
09/11/2010 18:15:05,0.0005303502082824707
10/11/2010 18:15:05,0.000501291739508278
11/11/2010 18:15:05,0.0005110008963223161
12/11/2010 18:15:05,0.00041850129066154973
13/11/2010 18:15:05,0.0004328200806221461
14/11/2010 18:15:05,0.0005020213728191471
15/11/2010 18:15:05,0.0029992237349980556
16/11/2010 18:15:05,0.017029361830231893
17/11/2010 18:15:05,0.00048142242431640624
18/11/2010 18:15:05,0.0004340886163167627
19/11/2010 18:15:05,0.010110596576368952
20/11/2010 18:15:05,0.02315807342529297
21/11/2010 18:15:05,0.016778055826822916
22/11/2010 18:15:05,0.0006572842597961426
23/11/2010 18:15:05,0.0006783074802822537
24/11/2010 18:15:05,0.003464002867002745
25/11/2010 18:15:05,0.012330852056804457
26/11/2010 18:15:05,0.0018561133022966057
27/11/2010 18:15:05,0.0008863751354113303
28/11/2010 18:15:05,0.000744084277784968
29/11/2010 18:15:05,0.0005667389563794406
30/11/2010 18:15:05,0.0006322951543898809
01/12/2010 18:15:05,0.0007634459242308881
02/12/2010 18:15:05,0.0007783514230362492
03/12/2010 18:15:05,0.0006523976723353068
04/12/2010 18:15:05,0.0005360956061376285
05/12/2010 18:15:05,0.0005052871062975971
06/12/2010 18:15:05,0.0004707932472229004
07/12/2010 18:15:05,0.000646959558576985
08/12/2010 18:15:05,0.0006582086736505681
09/12/2010 18:15:05,0.0005971260070800781
10/12/2010 18:15:05,0.0006846872965494792
11/12/2010 18:15:05,0.000862770302351131
12/12/2010 18:15:05,0.0008819240263138695
13/12/2010 18:15:05,0.001419042286119963
14/12/2010 18:15:05,0.0013242382213381901
15/12/2010 18:15:05,0.0009192141740681738
16/12/2010 18:15:05,0.0007484087380029822
17/12/2010 18:15:05,0.0007757506618610008
18/12/2010 18:15:05,0.0010295578196078917
19/12/2010 18:15:05,0.0009747380795686141
20/12/2010 18:15:05,0.001555070937054712
21/12/2010 18:15:05,0.0008520571713520185
22/12/2010 18:15:05,0.0012063980102539062
23/12/2010 18:15:05,0.0011138049038973722
24/12/2010 18:15:05,0.0010619290669759114
25/12/2010 18:15:05,0.0008424476340964988
26/12/2010 18:15:05,0.0011771130724018122
27/12/2010 18:15:05,0.0009086087623738354
28/12/2010 18:15:05,0.0010992648333487426
29/12/2010 18:15:05,0.0010119371635969295
30/12/2010 18:15:05,0.0010669469833374024
31/12/2010 18:15:05,0.0009402356496671351
01/01/2011 18:15:05,0.0009623270356253292
02/01/2011 18:15:05,0.0009384897020128038
03/01/2011 18:15:05,0.0017857028216850467
04/01/2011 18:15:05,0.0022956619799976616
05/01/2011 18:15:05,0.0021285565694173177
06/01/2011 18:15:05,0.001730159837372449
07/01/2011 18:15:05,0.001583695411682129
08/01/2011 18:15:05,0.0018746107816696167
09/01/2011 18:15:05,0.0020456376828645404
10/01/2011 18:15:05,0.0022201823617169956
11/01/2011 18:15:05,0.0021839907139907648
12/01/2011 18:15:05,0.001973511929997427
13/01/2011 18:15:05,0.0018256213213946367
14/01/2011 18:15:05,0.0020875547124051498
15/01/2011 18:15:05,0.0016068247861640399
16/01/2011 18:15:05,0.0018872498087800307
17/01/2011 18:15:05,0.0013015504517307171
18/01/2011 18:15:05,0.0016699937673715444
19/01/2011 18:15:05,0.0015899959930592337
20/01/2011 18:15:05,0.0014015038808186848
21/01/2011 18:15:05,0.0017365712798043584
22/01/2011 18:15:05,0.0030730991828732375
23/01/2011 18:15:05,0.0021901916055118336
24/01/2011 18:15:05,0.002266698413425022
25/01/2011 18:15:05,0.001837021265274439
26/01/2011 18:15:05,0.0014028402475210337
27/01/2011 18:15:05,0.0018421530723571778
28/01/2011 18:15:05,0.0018957173166099502
29/01/2011 18:15:05,0.002796827952067057
30/01/2011 18:15:05,0.0038243793859714416
31/01/2011 18:15:05,0.0054913330078125
01/02/2011 18:15:05,0.0021235716409523393
02/02/2011 18:15:05,0.0022732299051167054
03/02/2011 18:15:05,0.0015403632349615928
04/02/2011 18:15:05,0.0014554073936060856
05/02/2011 18:15:05,0.00150191718763341
06/02/2011 18:15:05,0.0015918513706752232
07/02/2011 18:15:05,0.0012865946130845153
08/02/2011 18:15:05,0.0014575303987015126
09/02/2011 18:15:05,0.001598957457829043
10/02/2011 18:15:05,0.0032248976369383476
11/02/2011 18:15:05,0.0036620744235852628
12/02/2011 18:15:05,0.0029859994587145356
13/02/2011 18:15:05,0.0025208744348264207
14/02/2011 18:15:05,0.0036178404285061743
15/02/2011 18:15:05,0.0032634375230321346
16/02/2011 18:15:05,0.0023985982457280677
17/02/2011 18:15:05,0.0027327895164489745
18/02/2011 18:15:05,0.002916839387681749
19/02/2011 18:15:05,0.003276337276805531
20/02/2011 18:15:05,0.0024969729971378407
21/02/2011 18:15:05,0.002928544116276567
22/02/2011 18:15:05,0.002877730243610886
23/02/2011 18:15:05,0.0029502405551235372
24/02/2011 18:15:05,0.0027192686205712436
25/02/2011 18:15:05,0.002773654353511226
26/02/2011 18:15:05,0.002394041692118246
27/02/2011 18:15:05,0.0024943017431730712
28/02/2011 18:15:05,0.00335686506625421
01/03/2011 18:15:05,0.004608528430645282
02/03/2011 18:15:05,0.005072243820280718
03/03/2011 18:15:05,0.004667271681822063
04/03/2011 18:15:05,0.00336836330854713
05/03/2011 18:15:05,0.0024480783714438386
06/03/2011 18:15:05,0.0027020948904531972
07/03/2011 18:15:05,0.0027967737076130318
08/03/2011 18:15:05,0.0042519099971791005
09/03/2011 18:15:05,0.0037291502650780013
10/03/2011 18:15:05,0.003933962653664982
11/03/2011 18:15:05,0.0048281846223054104
12/03/2011 18:15:05,0.005834224450327184
13/03/2011 18:15:05,0.00572136470249721
14/03/2011 18:15:05,0.007685433086167034
15/03/2011 18:15:05,0.008207222850052352
16/03/2011 18:15:05,0.006316701026811992
17/03/2011 18:15:05,0.006647488543095479
18/03/2011 18:15:05,0.005625704060430112
19/03/2011 18:15:05,0.00818553539591098
20/03/2011 18:15:05,0.005920242309570312
21/03/2011 18:15:05,0.013725170012443296
22/03/2011 18:15:05,0.00543975830078125
23/03/2011 18:15:05,0.009003510346283784
24/03/2011 18:15:05,0.004766790490401418
25/03/2011 18:15:05,0.0045800915470829715
26/03/2011 18:15:05,0.007150886752081255
27/03/2011 18:15:05,0.0053758309557546975
28/03/2011 18:15:05,0.007163252567221051
29/03/2011 18:15:05,0.00605584429456042
30/03/2011 18:15:05,0.003717795396462465
31/03/2011 18:15:05,0.0038920393084535504
01/04/2011 18:15:05,0.0031929288591657366
02/04/2011 18:15:05,0.003439978947715154
03/04/2011 18:15:05,0.0032559640393285696
04/04/2011 18:15:05,0.004272492726643881
05/04/2011 18:15:05,0.0038745710165193764
06/04/2011 18:15:05,0.004477988044135004
07/04/2011 18:15:05,0.0038264710226176696
08/04/2011 18:15:05,0.003991243166801257
09/04/2011 18:15:05,0.0037924808526189073
10/04/2011 18:15:05,0.0035040321804228284
11/04/2011 18:15:05,0.004726459453632305
12/04/2011 18:15:05,0.004963298043804968
13/04/2011 18:15:05,0.004719539661312578
14/04/2011 18:15:05,0.006015695677213142
15/04/2011 18:15:05,0.006791891875090422
16/04/2011 18:15:05,0.005866587518931863
17/04/2011 18:15:05,0.004553382316332185
18/04/2011 18:15:05,0.00609293350806603
19/04/2011 18:15:05,0.008518083721187944
20/04/2011 18:15:05,0.009168896410200331
21/04/2011 18:15:05,0.003966556895862926
22/04/2011 18:15:05,0.0045515843209503705
23/04/2011 18:15:05,0.004651024762321921
24/04/2011 18:15:05,0.006461753120905236
25/04/2011 18:15:05,0.005682808287600254
26/04/2011 18:15:05,0.005112237880884675
27/04/2011 18:15:05,0.009662015814530222
28/04/2011 18:15:05,0.008242121282613502
29/04/2011 18:15:05,0.006275007040193766
30/04/2011 18:15:05,0.00852253888104413
01/05/2011 18:15:05,0.008962660419697665
02/05/2011 18:15:05,0.006027859248472064
03/05/2011 18:15:05,0.0057699323276390775
04/05/2011 18:15:05,0.006284088216802125
05/05/2011 18:15:05,0.005702495574951172
06/05/2011 18:15:05,0.006598352786883637
07/05/2011 18:15:05,0.0061408177902709405
08/05/2011 18:15:05,0.004921325202127105
09/05/2011 18:15:05,0.005858582186411662
10/05/2011 18:15:05,0.006548452377319336
11/05/2011 18:15:05,0.007742570683280415
12/05/2011 18:15:05,0.0065666117319246615
13/05/2011 18:15:05,0.009583345100061218
14/05/2011 18:15:05,0.006992343933351578
15/05/2011 18:15:05,0.007676124572753906
16/05/2011 18:15:05,0.00806598152433123
17/05/2011 18:15:05,0.006918808130117563
18/05/2011 18:15:05,0.00726272192102439
19/05/2011 18:15:05,0.011320409195199197
20/05/2011 18:15:05,0.008641225951058524
21/05/2011 18:15:05,0.008897776894726104
22/05/2011 18:15:05,0.00796825679268424
23/05/2011 18:15:05,0.008098636723597558
24/05/2011 18:15:05,0.006934178885767015
25/05/2011 18:15:05,0.008342987870516842
26/05/2011 18:15:05,0.00866175597568728
27/05/2011 18:15:05,0.010388831899623679
28/05/2011 18:15:05,0.012054898661951865
29/05/2011 18:15:05,0.010646522389671016
30/05/2011 18:15:05,0.012140311446844363
31/05/2011 18:15:05,0.016784006754557292
01/06/2011 18:15:05,0.013276759158359484
02/06/2011 18:15:05,0.01541203448646947
03/06/2011 18:15:05,0.01889435058744083
04/06/2011 18:15:05,0.016873284622474952
05/06/2011 18:15:05,0.014722383939302884
06/06/2011 18:15:05,0.015219425201416016
07/06/2011 18:15:05,0.020964650712775056
08/06/2011 18:15:05,0.026287078857421875
09/06/2011 18:15:05,0.025532569525376806
10/06/2011 18:15:05,0.019570169195664667
11/06/2011 18:15:05,0.018799140535551925
12/06/2011 18:15:05,0.01983559231798188
13/06/2011 18:15:05,0.020621618932607222
14/06/2011 18:15:05,0.021876377529568142
15/06/2011 18:15:05,0.019804497982593292
16/06/2011 18:15:05,0.0238912639333241
17/06/2011 18:15:05,0.026597399181789824
18/06/2011 18:15:05,0.023038911347342008
19/06/2011 18:15:05,0.021227305338262968
20/06/2011 18:15:05,0.019119747753801018
21/06/2011 18:15:05,0.01566966993984206
22/06/2011 18:15:05,0.015563533924244068
23/06/2011 18:15:05,0.016848480000215417
24/06/2011 18:15:05,0.016876816749572754
25/06/2011 18:15:05,0.025551562277686516
26/06/2011 18:15:05,0.025197269070533015
27/06/2011 18:15:05,0.032316428422927854
28/06/2011 18:15:05,0.028714435552459915
29/06/2011 18:15:05,0.022885985293630826
30/06/2011 18:15:05,0.022069256608657415
01/07/2011 18:15:05,0.021622615390353733
02/07/2011 18:15:05,0.02408540998186384
03/07/2011 18:15:05,0.01907411217689514
04/07/2011 18:15:05,0.02277048622689596
05/07/2011 18:15:05,0.023906985655525664
06/07/2011 18:15:05,0.028907329608232547
07/07/2011 18:15:05,0.02969994264490464
08/07/2011 18:15:05,0.02228757637698634
09/07/2011 18:15:05,0.021630444104158427
10/07/2011 18:15:05,0.025159246391720243
11/07/2011 18:15:05,0.025683947057531985
12/07/2011 18:15:05,0.025362451871236164
13/07/2011 18:15:05,0.020311449394851435
14/07/2011 18:15:05,0.022856495597145775
15/07/2011 18:15:05,0.02098605351418442
16/07/2011 18:15:05,0.02002873810582191
17/07/2011 18:15:05,0.021926293006310098
18/07/2011 18:15:05,0.026234994526782067
19/07/2011 18:15:05,0.02574896812438965
20/07/2011 18:15:05,0.025551462506914473
21/07/2011 18:15:05,0.023566485989478327
22/07/2011 18:15:05,0.023607820897669225
23/07/2011 18:15:05,0.023387297268571524
24/07/2011 18:15:05,0.018473793159831654
25/07/2011 18:15:05,0.02658316739805185
26/07/2011 18:15:05,0.021576407393054848
27/07/2011 18:15:05,0.020169205135769315
28/07/2011 18:15:05,0.021008742783597843
29/07/2011 18:15:05,0.018665426266119348
30/07/2011 18:15:05,0.01766441370311536
31/07/2011 18:15:05,0.018045788719540552
01/08/2011 18:15:05,0.019052881513323103
02/08/2011 18:15:05,0.025935341711757945
03/08/2011 18:15:05,0.021000298314124533
04/08/2011 18:15:05,0.025757739418431333
05/08/2011 18:15:05,0.02171238608982252
06/08/2011 18:15:05,0.024575564169114637
07/08/2011 18:15:05,0.021217080049736554
08/08/2011 18:15:05,0.027403498804846476
09/08/2011 18:15:05,0.027816492812077803
10/08/2011 18:15:05,0.020318008330931146
11/08/2011 18:15:05,0.023144566571270977
12/08/2011 18:15:05,0.020525117860223256
13/08/2011 18:15:05,0.022587187588214874
14/08/2011 18:15:05,0.02683046387463081
15/08/2011 18:15:05,0.025391418617088476
16/08/2011 18:15:05,0.027806790669759114
17/08/2011 18:15:05,0.02648800103239311
18/08/2011 18:15:05,0.019780539259125915
19/08/2011 18:15:05,0.02500830049867983
20/08/2011 18:15:05,0.020981479513234105
21/08/2011 18:15:05,0.0200353819748451
22/08/2011 18:15:05,0.019257767633958298
23/08/2011 18:15:05,0.01851936789119945
24/08/2011 18:15:05,0.02329110007249672
25/08/2011 18:15:05,0.022475458681583405
26/08/2011 18:15:05,0.020762133907962155
27/08/2011 18:15:05,0.024780593755591006
28/08/2011 18:15:05,0.01986174834401984
29/08/2011 18:15:05,0.02498841094970703
30/08/2011 18:15:05,0.020247188691169985
31/08/2011 18:15:05,0.018892079789117472
01/09/2011 18:15:05,0.022673464196873463
02/09/2011 18:15:05,0.017003218332926433
03/09/2011 18:15:05,0.017693069619192203
04/09/2011 18:15:05,0.03843224237835596
05/09/2011 18:15:05,0.019825910593008065
06/09/2011 18:15:05,0.021598002115885417
07/09/2011 18:15:05,0.02012985255442509
08/09/2011 18:15:05,0.021070579528808593
09/09/2011 18:15:05,0.025781706401279993
10/09/2011 18:15:05,0.021730643052321214
11/09/2011 18:15:05,0.019327923871468807
12/09/2011 18:15:05,0.022246155372032752
13/09/2011 18:15:05,0.019727314219755286
14/09/2011 18:15:05,0.01750760329397101
15/09/2011 18:15:05,0.016134487616049277
16/09/2011 18:15:05,0.0209012334308927
17/09/2011 18:15:05,0.01921300190251048
18/09/2011 18:15:05,0.013485925640174729
19/09/2011 18:15:05,0.021929248434598328
20/09/2011 18:15:05,0.026121811901065085
21/09/2011 18:15:05,0.025194992890229095
22/09/2011 18:15:05,0.018551870981852212
23/09/2011 18:15:05,0.018423500345714057
24/09/2011 18:15:05,0.0211437133050734
25/09/2011 18:15:05,0.017233633659255336
26/09/2011 18:15:05,0.018357228188619127
27/09/2011 18:15:05,0.018516070702496695
28/09/2011 18:15:05,0.01695992892846129
29/09/2011 18:15:05,0.01658023293338605
30/09/2011 18:15:05,0.01823057779451696
01/10/2011 18:15:05,0.01698331973131965
02/10/2011 18:15:05,0.015027031643700053
03/10/2011 18:15:05,0.018587691967303935
04/10/2011 18:15:05,0.017509056971623346
05/10/2011 18:15:05,0.018121642787961193
06/10/2011 18:15:05,0.019132456385103382
07/10/2011 18:15:05,0.017729617655277252
08/10/2011 18:15:05,0.01747731644977895
09/10/2011 18:15:05,0.0186241739164523
10/10/2011 18:15:05,0.018474401053735764
11/10/2011 18:15:05,0.02315479854367814
12/10/2011 18:15:05,0.022694547637170104
13/10/2011 18:15:05,0.021570111369038678
14/10/2011 18:15:05,0.01821928813045186
15/10/2011 18:15:05,0.01651608352120041
16/10/2011 18:15:05,0.016063566130351245
17/10/2011 18:15:05,0.022419119303205372
18/10/2011 18:15:05,0.01825297348142609
19/10/2011 18:15:05,0.015115210504242868
20/10/2011 18:15:05,0.017041132288071716
21/10/2011 18:15:05,0.014434517293736555
22/10/2011 18:15:05,0.019693506524917928
23/10/2011 18:15:05,0.02098092578706287
24/10/2011 18:15:05,0.018333000865409045
25/10/2011 18:15:05,0.016564464569091795
26/10/2011 18:15:05,0.019341836281872672
27/10/2011 18:15:05,0.016336789338485053
28/10/2011 18:15:05,0.020861176883473116
29/10/2011 18:15:05,0.020697281140239297
30/10/2011 18:15:05,0.019436521628468307
31/10/2011 18:15:05,0.014152443321951985
01/11/2011 18:15:05,0.015093796873745853
02/11/2011 18:15:05,0.014441667013610436
03/11/2011 18:15:05,0.016680522227850485
04/11/2011 18:15:05,0.017876571708625846
05/11/2011 18:15:05,0.01807118097941081
06/11/2011 18:15:05,0.012902298489132442
07/11/2011 18:15:05,0.016562032335587132
08/11/2011 18:15:05,0.01745820928502966
09/11/2011 18:15:05,0.01650727288962821
10/11/2011 18:15:05,0.01772136688232422
11/11/2011 18:15:05,0.018130474403256276
12/11/2011 18:15:05,0.016855077390317563
13/11/2011 18:15:05,0.013015993598367082
14/11/2011 18:15:05,0.01737210329841165
15/11/2011 18:15:05,0.016039065542937703
16/11/2011 18:15:05,0.017596818450698277
17/11/2011 18:15:05,0.016619478423019935
18/11/2011 18:15:05,0.015180886246775853
19/11/2011 18:15:05,0.015967272972875788
20/11/2011 18:15:05,0.017051517963409424
21/11/2011 18:15:05,0.014466031392415365
22/11/2011 18:15:05,0.016406518441659433
23/11/2011 18:15:05,0.01659925475375343
24/11/2011 18:15:05,0.018591795648847307
25/11/2011 18:15:05,0.016395972325251654
26/11/2011 18:15:05,0.016882107952448325
27/11/2011 18:15:05,0.016507893277887712
28/11/2011 18:15:05,0.019392921078589656
29/11/2011 18:15:05,0.02073596707350916
30/11/2011 18:15:05,0.018179521168747992
01/12/2011 18:15:05,0.01773958463926573
02/12/2011 18:15:05,0.016608086361247262
03/12/2011 18:15:05,0.01611724853515625
04/12/2011 18:15:05,0.014933690537501425
05/12/2011 18:15:05,0.016257321834564208
06/12/2011 18:15:05,0.01746108097100408
07/12/2011 18:15:05,0.020514209254258346
08/12/2011 18:15:05,0.01676681444242403
09/12/2011 18:15:05,0.015370728953784664
10/12/2011 18:15:05,0.014664552773639655
11/12/2011 18:15:05,0.01615649256212958
12/12/2011 18:15:05,0.018275695060616107
13/12/2011 18:15:05,0.018628770990889203
14/12/2011 18:15:05,0.014963977866702609
15/12/2011 18:15:05,0.016762066662796143
16/12/2011 18:15:05,0.018052239571848223
17/12/2011 18:15:05,0.013432901199549844
18/12/2011 18:15:05,0.013002895173572358
19/12/2011 18:15:05,0.01546782057806356
20/12/2011 18:15:05,0.02427674752694589
21/12/2011 18:15:05,0.01580536134781376
22/12/2011 18:15:05,0.01735164117122042
23/12/2011 18:15:05,0.01563609901227449
24/12/2011 18:15:05,0.01439556208523837
25/12/2011 18:15:05,0.011969632115857354
26/12/2011 18:15:05,0.01300861114679381
27/12/2011 18:15:05,0.014442125956217447
28/12/2011 18:15:05,0.01442901611328125
29/12/2011 18:15:05,0.014892183031354632
30/12/2011 18:15:05,0.016233451664447784
31/12/2011 18:15:05,0.014715769276115466
01/01/2012 18:15:05,0.014706406817340211
02/01/2012 18:15:05,0.01892318223652087
03/01/2012 18:15:05,0.017418914371066622
04/01/2012 18:15:05,0.01659610673978731
05/01/2012 18:15:05,0.023733573705971647
06/01/2012 18:15:05,0.02042553284588982
07/01/2012 18:15:05,0.016778814199879682
08/01/2012 18:15:05,0.019217769551721418
09/01/2012 18:15:05,0.019728056392314272
10/01/2012 18:15:05,0.02346970937023424
11/01/2012 18:15:05,0.027373753095927992
12/01/2012 18:15:05,0.021431026688541275
13/01/2012 18:15:05,0.023906007889778383
14/01/2012 18:15:05,0.01694047451019287
15/01/2012 18:15:05,0.019593245274311787
16/01/2012 18:15:05,0.020271222802657116
17/01/2012 18:15:05,0.017772698704200455
18/01/2012 18:15:05,0.02321232540506712
19/01/2012 18:15:05,0.02116190685945399
20/01/2012 18:15:05,0.021325394727181698
21/01/2012 18:15:05,0.016049358431853396
22/01/2012 18:15:05,0.017203705127422628
23/01/2012 18:15:05,0.014477930570903578
24/01/2012 18:15:05,0.021745914883083767
25/01/2012 18:15:05,0.023412107652233494
26/01/2012 18:15:05,0.02180758989774264
27/01/2012 18:15:05,0.02154267949166058
28/01/2012 18:15:05,0.01671623106925718
29/01/2012 18:15:05,0.01864406375065903
30/01/2012 18:15:05,0.015371828194124153
31/01/2012 18:15:05,0.017168678814851786
01/02/2012 18:15:05,0.02355084595856843
02/02/2012 18:15:05,0.01894404990541423
03/02/2012 18:15:05,0.01989949941635132
04/02/2012 18:15:05,0.020396220974805878
05/02/2012 18:15:05,0.02064831817851347
06/02/2012 18:15:05,0.018754056982091954
07/02/2012 18:15:05,0.019058594336876504
08/02/2012 18:15:05,0.020956068327932648
09/02/2012 18:15:05,0.022745357619391546
10/02/2012 18:15:05,0.023837589082263765
11/02/2012 18:15:05,0.024258281873620075
12/02/2012 18:15:05,0.019326162338256837
13/02/2012 18:15:05,0.02252513210789687
14/02/2012 18:15:05,0.03123791778788847
15/02/2012 18:15:05,0.027424892909090285
16/02/2012 18:15:05,0.03242345558580502
17/02/2012 18:15:05,0.021133093766763176
18/02/2012 18:15:05,0.01555631365094866
19/02/2012 18:15:05,0.015252222680741815
20/02/2012 18:15:05,0.017234501773363924
21/02/2012 18:15:05,0.02009832113981247
22/02/2012 18:15:05,0.019801959869967904
23/02/2012 18:15:05,0.020301001412527903
24/02/2012 18:15:05,0.023000289653909618
25/02/2012 18:15:05,0.01810117824348861
26/02/2012 18:15:05,0.016247372878225225
27/02/2012 18:15:05,0.018256308157232743
28/02/2012 18:15:05,0.019462896982828777
29/02/2012 18:15:05,0.015447995995962492
01/03/2012 18:15:05,0.02051260532476963
02/03/2012 18:15:05,0.026593265676856936
03/03/2012 18:15:05,0.021378757572975478
04/03/2012 18:15:05,0.019375118842491736
05/03/2012 18:15:05,0.02354139270204486
06/03/2012 18:15:05,0.022200758392746385
07/03/2012 18:15:05,0.019977454371100305
08/03/2012 18:15:05,0.018805387692573745
09/03/2012 18:15:05,0.016827198396246117
10/03/2012 18:15:05,0.019443511962890625
11/03/2012 18:15:05,0.018451124205625148
12/03/2012 18:15:05,0.0153327975752791
13/03/2012 18:15:05,0.02037432319239566
14/03/2012 18:15:05,0.02810506544251373
15/03/2012 18:15:05,0.024743900742641715
16/03/2012 18:15:05,0.019508621909401634
17/03/2012 18:15:05,0.01859561232633369
18/03/2012 18:15:05,0.015407843467516776
19/03/2012 18:15:05,0.018276323246050486
20/03/2012 18:15:05,0.01910584037368362
21/03/2012 18:15:05,0.018417305416531034
22/03/2012 18:15:05,0.018535889112032376
23/03/2012 18:15:05,0.019887227278489333
24/03/2012 18:15:05,0.015744819197543832
25/03/2012 18:15:05,0.016016400502827353
26/03/2012 18:15:05,0.019582949186626234
27/03/2012 18:15:05,0.018513814823047536
28/03/2012 18:15:05,0.020304110065196296
29/03/2012 18:15:05,0.02292662558795737
30/03/2012 18:15:05,0.020655428568522136
31/03/2012 18:15:05,0.016788529472117043
01/04/2012 18:15:05,0.016537825266520183
02/04/2012 18:15:05,0.021652559595783865
03/04/2012 18:15:05,0.02656441181898117
04/04/2012 18:15:05,0.022546274442199275
05/04/2012 18:15:05,0.02779587176667542
06/04/2012 18:15:05,0.027568762864523786
07/04/2012 18:15:05,0.020694819363680752
08/04/2012 18:15:05,0.017352822708756956
09/04/2012 18:15:05,0.017199206825913183
10/04/2012 18:15:05,0.024823915708315124
11/04/2012 18:15:05,0.022588629822630983
12/04/2012 18:15:05,0.027615402055823284
13/04/2012 18:15:05,0.026331954532199435
14/04/2012 18:15:05,0.025727315056592898
15/04/2012 18:15:05,0.025323207561786357
16/04/2012 18:15:05,0.02625876261775655
17/04/2012 18:15:05,0.028016278441523164
18/04/2012 18:15:05,0.032437371425941344
19/04/2012 18:15:05,0.023410882705297224
20/04/2012 18:15:05,0.023112186308830013
21/04/2012 18:15:05,0.026974139570378933
22/04/2012 18:15:05,0.019605559790694473
23/04/2012 18:15:05,0.021018021815531963
24/04/2012 18:15:05,0.025512757340097815
25/04/2012 18:15:05,0.024837258933246998
26/04/2012 18:15:05,0.02613639212273932
27/04/2012 18:15:05,0.02544697504194956
28/04/2012 18:15:05,0.020479764693822615
29/04/2012 18:15:05,0.019699487341455667
30/04/2012 18:15:05,0.02257142828766411
01/05/2012 18:15:05,0.02435397569027693
02/05/2012 18:15:05,0.027498350514994038
03/05/2012 18:15:05,0.03169477991310947
04/05/2012 18:15:05,0.03980643364690965
05/05/2012 18:15:05,0.03634436925252279
06/05/2012 18:15:05,0.03404840203218682
07/05/2012 18:15:05,0.04059541155720315
08/05/2012 18:15:05,0.03880617182741883
09/05/2012 18:15:05,0.04992330946573397
10/05/2012 18:15:05,0.0393750270207723
11/05/2012 18:15:05,0.04937546427656964
12/05/2012 18:15:05,0.06653251787171746
13/05/2012 18:15:05,0.04457800316088127
14/05/2012 18:15:05,0.08122374127794812
15/05/2012 18:15:05,0.06904921640876595
16/05/2012 18:15:05,0.07796780552182879
17/05/2012 18:15:05,0.057575104600292144
18/05/2012 18:15:05,0.0645708441734314
19/05/2012 18:15:05,0.1107150038627729
20/05/2012 18:15:05,0.0963156391197527
21/05/2012 18:15:05,0.09356351332231001
22/05/2012 18:15:05,0.09098340711023054
23/05/2012 18:15:05,0.09330736901149277
24/05/2012 18:15:05,0.08106365910282841
25/05/2012 18:15:05,0.10621513991520323
26/05/2012 18:15:05,0.07221553943775318
27/05/2012 18:15:05,0.058229824391806996
28/05/2012 18:15:05,0.09693001318668974
29/05/2012 18:15:05,0.09834085492526784
30/05/2012 18:15:05,0.09250295956929525
31/05/2012 18:15:05,0.06093746342071115
01/06/2012 18:15:05,0.07154385775130316
02/06/2012 18:15:05,0.04952539541782477
03/06/2012 18:15:05,0.06943467297131502
04/06/2012 18:15:05,0.12283465404384183
05/06/2012 18:15:05,0.14054134312797995
06/06/2012 18:15:05,0.04613444085657244
07/06/2012 18:15:05,0.1021463984534854
08/06/2012 18:15:05,0.07623831645862476
09/06/2012 18:15:05,0.08164048908713335
10/06/2012 18:15:05,0.09279316172880285
11/06/2012 18:15:05,0.09377037395130504
12/06/2012 18:15:05,0.06929849215916224
13/06/2012 18:15:05,0.1312884107048129
14/06/2012 18:15:05,0.16715591900969204
15/06/2012 18:15:05,0.15258946808629065
16/06/2012 18:15:05,0.13287922143936157
17/06/2012 18:15:05,0.10027035906270969
18/06/2012 18:15:05,0.10556283574195424
19/06/2012 18:15:05,0.09142420842097355
20/06/2012 18:15:05,0.11286135280833524
21/06/2012 18:15:05,0.0957187355541792
22/06/2012 18:15:05,0.08255377559797138
23/06/2012 18:15:05,0.06080382547260803
24/06/2012 18:15:05,0.0681074755532401
25/06/2012 18:15:05,0.0728452345904182
26/06/2012 18:15:05,0.09156040887574891
27/06/2012 18:15:05,0.07838121461279599
28/06/2012 18:15:05,0.0855410823115596
29/06/2012 18:15:05,0.06401452336992536
30/06/2012 18:15:05,0.06701331743052308
01/07/2012 18:15:05,0.05687799315521683
02/07/2012 18:15:05,0.05904433445900864
03/07/2012 18:15:05,0.06476220098035089
04/07/2012 18:15:05,0.05832776483499779
05/07/2012 18:15:05,0.06884977939355112
06/07/2012 18:15:05,0.06074667911903531
07/07/2012 18:15:05,0.06061274584601907
08/07/2012 18:15:05,0.058443366707145394
09/07/2012 18:15:05,0.06430736310554273
10/07/2012 18:15:05,0.09224466614375841
11/07/2012 18:15:05,0.09107113580634124
12/07/2012 18:15:05,0.07510290082716783
13/07/2012 18:15:05,0.06243791047090329
14/07/2012 18:15:05,0.07391937307063365
15/07/2012 18:15:05,0.07086892736038106
16/07/2012 18:15:05,0.08896689157228212
17/07/2012 18:15:05,0.08306230663579736
18/07/2012 18:15:05,0.08864882766016272
19/07/2012 18:15:05,0.09879123581039322
20/07/2012 18:15:05,0.10972291274036435
21/07/2012 18:15:05,0.1033404541015625
22/07/2012 18:15:05,0.08357310123580823
23/07/2012 18:15:05,0.09519404729207356
24/07/2012 18:15:05,0.07838055509958208
25/07/2012 18:15:05,0.07549693367697975
26/07/2012 18:15:05,0.07054421071256145
27/07/2012 18:15:05,0.06293320088159471
28/07/2012 18:15:05,0.07586536407470704
29/07/2012 18:15:05,0.0909039201407597
30/07/2012 18:15:05,0.08809713930697055
31/07/2012 18:15:05,0.11039679391043526
01/08/2012 18:15:05,0.10622429002261331
02/08/2012 18:15:05,0.08119287738552342
03/08/2012 18:15:05,0.07224983700438042
04/08/2012 18:15:05,0.07914483388264974
05/08/2012 18:15:05,0.08799028725459658
06/08/2012 18:15:05,0.09894124835940964
07/08/2012 18:15:05,0.07290843349175165
08/08/2012 18:15:05,0.08895416259765625
09/08/2012 18:15:05,0.0819963479192002
10/08/2012 18:15:05,0.06894189555470537
11/08/2012 18:15:05,0.07197903983200653
12/08/2012 18:15:05,0.07604834878233058
13/08/2012 18:15:05,0.12776911492441215
14/08/2012 18:15:05,0.09379742043149983
15/08/2012 18:15:05,0.12176389861525151
16/08/2012 18:15:05,0.13447594952273678
17/08/2012 18:15:05,0.11193041367964311
18/08/2012 18:15:05,0.10659778440320813
19/08/2012 18:15:05,0.10346803182288061
20/08/2012 18:15:05,0.08358147535374556
21/08/2012 18:15:05,0.0860693968462022
22/08/2012 18:15:05,0.10549537607487416
23/08/2012 18:15:05,0.07573499968557647
24/08/2012 18:15:05,0.07586254217685798
25/08/2012 18:15:05,0.10390035614712548
26/08/2012 18:15:05,0.06779238310727206
27/08/2012 18:15:05,0.08441969212269623
28/08/2012 18:15:05,0.08140635172526042
29/08/2012 18:15:05,0.07913085638758648
30/08/2012 18:15:05,0.07927645309061944
31/08/2012 18:15:05,0.11369629839917163
01/09/2012 18:15:05,0.09950827967169826
02/09/2012 18:15:05,0.08118585823408139
03/09/2012 18:15:05,0.09292196167839897
04/09/2012 18:15:05,0.12202900648117065
05/09/2012 18:15:05,0.09434560669793023
06/09/2012 18:15:05,0.09561460761613744
07/09/2012 18:15:05,0.0782584035119345
08/09/2012 18:15:05,0.09656637055533272
09/09/2012 18:15:05,0.07793626598283357
10/09/2012 18:15:05,0.090096824698978
11/09/2012 18:15:05,0.09526322763177413
12/09/2012 18:15:05,0.09030394858502327
13/09/2012 18:15:05,0.080097981156974
14/09/2012 18:15:05,0.09310599315313646
15/09/2012 18:15:05,0.08815093807407193
16/09/2012 18:15:05,0.07894068400065105
17/09/2012 18:15:05,0.061866077509793366
18/09/2012 18:15:05,0.07657410284716212
19/09/2012 18:15:05,0.09450308926455625
20/09/2012 18:15:05,0.09099694985110744
21/09/2012 18:15:05,0.08024876834424727
22/09/2012 18:15:05,0.06656900672025459
23/09/2012 18:15:05,0.07061564042264183
24/09/2012 18:15:05,0.08625405262678097
25/09/2012 18:15:05,0.06466070597603817
26/09/2012 18:15:05,0.09101106737043474
27/09/2012 18:15:05,0.0896936963488172
28/09/2012 18:15:05,0.07916429566174019
29/09/2012 18:15:05,0.06926952657245454
30/09/2012 18:15:05,0.06425380079369795
01/10/2012 18:15:05,0.07773840105211413
02/10/2012 18:15:05,0.09331291563370649
03/10/2012 18:15:05,0.10937441950259001
04/10/2012 18:15:05,0.10395304836444001
05/10/2012 18:15:05,0.10625839934629552
06/10/2012 18:15:05,0.10718288555951186
07/10/2012 18:15:05,0.10853464586021257
08/10/2012 18:15:05,0.10150014348776944
09/10/2012 18:15:05,0.10942761651400862
10/10/2012 18:15:05,0.09198865954507918
11/10/2012 18:15:05,0.0943734265755916
12/10/2012 18:15:05,0.07154903032921797
13/10/2012 18:15:05,0.11114319709882345
14/10/2012 18:15:05,0.08586142719655797
15/10/2012 18:15:05,0.08623827187119017
16/10/2012 18:15:05,0.10092580945868242
17/10/2012 18:15:05,0.11031463298391789
18/10/2012 18:15:05,0.08624371559389175
19/10/2012 18:15:05,0.08664596605600801
20/10/2012 18:15:05,0.09375842412312825
21/10/2012 18:15:05,0.10796403281296356
22/10/2012 18:15:05,0.09138133152421699
23/10/2012 18:15:05,0.13078556617681128
24/10/2012 18:15:05,0.09812796421540089
25/10/2012 18:15:05,0.0955385470735854
26/10/2012 18:15:05,0.06499516741829629
27/10/2012 18:15:05,0.045186562484569766
28/10/2012 18:15:05,0.05039503447402864
29/10/2012 18:15:05,0.06183637546587594
30/10/2012 18:15:05,0.08917585155307847
31/10/2012 18:15:05,0.08968823933772904
01/11/2012 18:15:05,0.08598268296983506
02/11/2012 18:15:05,0.08271205507475754
03/11/2012 18:15:05,0.07743641379829887
04/11/2012 18:15:05,0.06322000026702881
05/11/2012 18:15:05,0.09817119673186657
06/11/2012 18:15:05,0.09250811969532687
07/11/2012 18:15:05,0.10450738554547546
08/11/2012 18:15:05,0.09388176011450497
09/11/2012 18:15:05,0.08341657704320447
10/11/2012 18:15:05,0.07692755460739135
11/11/2012 18:15:05,0.07360032832983768
12/11/2012 18:15:05,0.07641523780552208
13/11/2012 18:15:05,0.07989159051109762
14/11/2012 18:15:05,0.08614245388242933
15/11/2012 18:15:05,0.11542013813467587
16/11/2012 18:15:05,0.11624198940628809
17/11/2012 18:15:05,0.11757137758512023
18/11/2012 18:15:05,0.09038792616166409
19/11/2012 18:15:05,0.12000089350754653
20/11/2012 18:15:05,0.10223400067983184
21/11/2012 18:15:05,0.12015636865194741
22/11/2012 18:15:05,0.10033050199755195
23/11/2012 18:15:05,0.10212935743660763
24/11/2012 18:15:05,0.08074451375890661
25/11/2012 18:15:05,0.1069545272394275
26/11/2012 18:15:05,0.10114805353512554
27/11/2012 18:15:05,0.08805781289150841
28/11/2012 18:15:05,0.09422834949380547
29/11/2012 18:15:05,0.10661739002574575
30/11/2012 18:15:05,0.09583037768223489
01/12/2012 18:15:05,0.09976894855499267
02/12/2012 18:15:05,0.062123614431217014
03/12/2012 18:15:05,0.06813253402709961
04/12/2012 18:15:05,0.11126114441467835
05/12/2012 18:15:05,0.12891552448272706
06/12/2012 18:15:05,0.12141606524274066
07/12/2012 18:15:05,0.11419482384958575
08/12/2012 18:15:05,0.10033192104763455
09/12/2012 18:15:05,0.10850957723764273
10/12/2012 18:15:05,0.1227650911035672
11/12/2012 18:15:05,0.11044256276097791
12/12/2012 18:15:05,0.12133811980254891
13/12/2012 18:15:05,0.13166965456569896
14/12/2012 18:15:05,0.16995835304260254
15/12/2012 18:15:05,0.12236116700253244
16/12/2012 18:15:05,0.1280053014340608
17/12/2012 18:15:05,0.13422002489604648
18/12/2012 18:15:05,0.16048748531038798
19/12/2012 18:15:05,0.14378695721392865
20/12/2012 18:15:05,0.13636270275822393
21/12/2012 18:15:05,0.14862024291487766
22/12/2012 18:15:05,0.14338404602474636
23/12/2012 18:15:05,0.11778929613638615
24/12/2012 18:15:05,0.13348541109580694
25/12/2012 18:15:05,0.09906148522849975
26/12/2012 18:15:05,0.11625095208485921
27/12/2012 18:15:05,0.11825168799169315
28/12/2012 18:15:05,0.11886298656463623
29/12/2012 18:15:05,0.1283184948252208
30/12/2012 18:15:05,0.11380226016044617
31/12/2012 18:15:05,0.08950513317471459
01/01/2013 18:15:05,0.07474135771030332
02/01/2013 18:15:05,0.1051484804887038
03/01/2013 18:15:05,0.10366336703300476
04/01/2013 18:15:05,0.15054937457361967
05/01/2013 18:15:05,0.10573421068639563
06/01/2013 18:15:05,0.10011066517359773
07/01/2013 18:15:05,0.10492308839352545
08/01/2013 18:15:05,0.11160004801220363
09/01/2013 18:15:05,0.14674799477876121
10/01/2013 18:15:05,0.1517868172632505
11/01/2013 18:15:05,0.1838286060932254
12/01/2013 18:15:05,0.16279561179024832
13/01/2013 18:15:05,0.15227865000240137
14/01/2013 18:15:05,0.12596155141855214
15/01/2013 18:15:05,0.14811435459167
16/01/2013 18:15:05,0.17689178435783076
17/01/2013 18:15:05,0.16756767179907822
18/01/2013 18:15:05,0.18345072174072266
19/01/2013 18:15:05,0.1673723112606833
20/01/2013 18:15:05,0.1328641934828325
21/01/2013 18:15:05,0.12146491873754214
22/01/2013 18:15:05,0.13614634424448013
23/01/2013 18:15:05,0.1662350697303886
24/01/2013 18:15:05,0.15100532609063225
25/01/2013 18:15:05,0.1476730785781531
26/01/2013 18:15:05,0.15446219126383465
27/01/2013 18:15:05,0.14983675981822767
28/01/2013 18:15:05,0.15591074324942925
29/01/2013 18:15:05,0.15462267840350116
30/01/2013 18:15:05,0.1390885517514985
31/01/2013 18:15:05,0.11029047213102641
01/02/2013 18:15:05,0.15840439391292
02/02/2013 18:15:05,0.1549109464846783
03/02/2013 18:15:05,0.1494927030621153
04/02/2013 18:15:05,0.1407646428455006
05/02/2013 18:15:05,0.13139560610749002
06/02/2013 18:15:05,0.12407030378069196
07/02/2013 18:15:05,0.16625697548324997
08/02/2013 18:15:05,0.18396844989375064
09/02/2013 18:15:05,0.15851257127874038
10/02/2013 18:15:05,0.14833566037619986
11/02/2013 18:15:05,0.1608060800804282
12/02/2013 18:15:05,0.17853451442051602
13/02/2013 18:15:05,0.1590122174305521
14/02/2013 18:15:05,0.14525350128732076
15/02/2013 18:15:05,0.1477839079770175
16/02/2013 18:15:05,0.11841666004645131
17/02/2013 18:15:05,0.12040560732605637
18/02/2013 18:15:05,0.1285922956762847
19/02/2013 18:15:05,0.14638853647622718
20/02/2013 18:15:05,0.15279293611559563
21/02/2013 18:15:05,0.13285335792502775
22/02/2013 18:15:05,0.15766734958435438
23/02/2013 18:15:05,0.16322327248844098
24/02/2013 18:15:05,0.14592776065919458
25/02/2013 18:15:05,0.14591288444323416
26/02/2013 18:15:05,0.17132178891089656
27/02/2013 18:15:05,0.1356187125144921
28/02/2013 18:15:05,0.15889162208601745
01/03/2013 18:15:05,0.18509495409229135
02/03/2013 18:15:05,0.18061487197875978
03/03/2013 18:15:05,0.14398017682527242
04/03/2013 18:15:05,0.16140343257359097
05/03/2013 18:15:05,0.17126583099365233
06/03/2013 18:15:05,0.18524481926435304
07/03/2013 18:15:05,0.19044307031129537
08/03/2013 18:15:05,0.1973593528956583
09/03/2013 18:15:05,0.1250780890969669
10/03/2013 18:15:05,0.17095140508703283
11/03/2013 18:15:05,0.16560747290170322
12/03/2013 18:15:05,0.17084454681913733
13/03/2013 18:15:05,0.16614738068023285
14/03/2013 18:15:05,0.14445901303677947
15/03/2013 18:15:05,0.1596844617058249
16/03/2013 18:15:05,0.12028814987702803
17/03/2013 18:15:05,0.07582089466414428
18/03/2013 18:15:05,0.09932562226023754
19/03/2013 18:15:05,0.11585578821637303
20/03/2013 18:15:05,0.10349085496708671
21/03/2013 18:15:05,0.1125567526026157
22/03/2013 18:15:05,0.12565276675754122
23/03/2013 18:15:05,0.13390445255097888
24/03/2013 18:15:05,0.1063127913233322
25/03/2013 18:15:05,0.17344135396620808
26/03/2013 18:15:05,0.14837855559128982
27/03/2013 18:15:05,0.18323026384626115
28/03/2013 18:15:05,0.15974208895720582
29/03/2013 18:15:05,0.17361056673657763
30/03/2013 18:15:05,0.16465631737766495
31/03/2013 18:15:05,0.17746185497113853
01/04/2013 18:15:05,0.1203821602217648
02/04/2013 18:15:05,0.1666856438773019
03/04/2013 18:15:05,0.1746647170420443
04/04/2013 18:15:05,0.20983179807662963
05/04/2013 18:15:05,0.1822601623005337
06/04/2013 18:15:05,0.1569586538133167
07/04/2013 18:15:05,0.18970486558513877
08/04/2013 18:15:05,0.17791332718888683
09/04/2013 18:15:05,0.16477005822317942
10/04/2013 18:15:05,0.1738423368205195
11/04/2013 18:15:05,0.20024006541182354
12/04/2013 18:15:05,0.16564655855211907
13/04/2013 18:15:05,0.14933065498400033
14/04/2013 18:15:05,0.1518375010578179
15/04/2013 18:15:05,0.15986221432685851
16/04/2013 18:15:05,0.1634127611670989
17/04/2013 18:15:05,0.15583913197774374
18/04/2013 18:15:05,0.14312895090302075
19/04/2013 18:15:05,0.21842076873779298
20/04/2013 18:15:05,0.15147427526013604
21/04/2013 18:15:05,0.1235803626049524
22/04/2013 18:15:05,0.13340974148408866
23/04/2013 18:15:05,0.16029795160833396
24/04/2013 18:15:05,0.1911648178100586
25/04/2013 18:15:05,0.17809366430126647
26/04/2013 18:15:05,0.1516868790914846
27/04/2013 18:15:05,0.14119965775207904
28/04/2013 18:15:05,0.1206770571406016
29/04/2013 18:15:05,0.13363457779857993
30/04/2013 18:15:05,0.17694365098172385
01/05/2013 18:15:05,0.15995974574528687
02/05/2013 18:15:05,0.18114974763658312
03/05/2013 18:15:05,0.17532479033178214
04/05/2013 18:15:05,0.14923261047957778
05/05/2013 18:15:05,0.15022043129066368
06/05/2013 18:15:05,0.15304137153859518
07/05/2013 18:15:05,0.15996595404364847
08/05/2013 18:15:05,0.14684613935786522
09/05/2013 18:15:05,0.1770251457949719
10/05/2013 18:15:05,0.18710146121636123
11/05/2013 18:15:05,0.1839771216256278
12/05/2013 18:15:05,0.17285727383045668
13/05/2013 18:15:05,0.15698508156670465
14/05/2013 18:15:05,0.1917480027594534
15/05/2013 18:15:05,0.2023908654037787
16/05/2013 18:15:05,0.19935713800890692
17/05/2013 18:15:05,0.17250530764182903
18/05/2013 18:15:05,0.15899771735781715
19/05/2013 18:15:05,0.13760749395791586
20/05/2013 18:15:05,0.1589130111362623
21/05/2013 18:15:05,0.17129112090040374
22/05/2013 18:15:05,0.15065062189676676
23/05/2013 18:15:05,0.15534108914203526
24/05/2013 18:15:05,0.15472200181749132
25/05/2013 18:15:05,0.1484360694885254
26/05/2013 18:15:05,0.12650251684721953
27/05/2013 18:15:05,0.142933867698492
28/05/2013 18:15:05,0.15295997666723934
29/05/2013 18:15:05,0.15017022405351912
30/05/2013 18:15:05,0.15776867838300898
31/05/2013 18:15:05,0.14176830168693297
01/06/2013 18:15:05,0.12236416460287691
02/06/2013 18:15:05,0.11670161228553921
03/06/2013 18:15:05,0.11638450166255093
04/06/2013 18:15:05,0.12792041869390577
05/06/2013 18:15:05,0.12709628945530052
06/06/2013 18:15:05,0.1420154089338324
07/06/2013 18:15:05,0.15435486550656904
08/06/2013 18:15:05,0.12644918192000615
09/06/2013 18:15:05,0.12441880117633386
10/06/2013 18:15:05,0.10399611261155871
11/06/2013 18:15:05,0.12476321783932773
12/06/2013 18:15:05,0.10389050483703613
13/06/2013 18:15:05,0.09966005809566518
14/06/2013 18:15:05,0.12481771513473155
15/06/2013 18:15:05,0.10457951372320001
16/06/2013 18:15:05,0.09346667713022487
17/06/2013 18:15:05,0.12143371012303736
18/06/2013 18:15:05,0.14030097935297717
19/06/2013 18:15:05,0.16329737091064453
20/06/2013 18:15:05,0.1486888389064841
21/06/2013 18:15:05,0.14012800337951306
22/06/2013 18:15:05,0.11118375423342683
23/06/2013 18:15:05,0.0994171446019953
24/06/2013 18:15:05,0.12678284411663776
25/06/2013 18:15:05,0.13257185832874194
26/06/2013 18:15:05,0.10371458467352328
27/06/2013 18:15:05,0.1254432230110628
28/06/2013 18:15:05,0.12694865181332543
29/06/2013 18:15:05,0.11086934841937901
30/06/2013 18:15:05,0.08874003480120403
01/07/2013 18:15:05,0.09844492619333703
02/07/2013 18:15:05,0.11821251765937563
03/07/2013 18:15:05,0.08630320957728795
04/07/2013 18:15:05,0.08747814963845646
05/07/2013 18:15:05,0.08877885139594643
06/07/2013 18:15:05,0.08477125776574966
07/07/2013 18:15:05,0.0720904804168538
08/07/2013 18:15:05,0.0880019639127998
09/07/2013 18:15:05,0.09169956700718818
10/07/2013 18:15:05,0.10057460494905884
11/07/2013 18:15:05,0.09455927709738414
12/07/2013 18:15:05,0.13846621657862807
13/07/2013 18:15:05,0.12312129317529943
14/07/2013 18:15:05,0.09524608097193431
15/07/2013 18:15:05,0.09769600873802141
16/07/2013 18:15:05,0.10353486130877239
17/07/2013 18:15:05,0.1017694924710065
18/07/2013 18:15:05,0.10588760154191838
19/07/2013 18:15:05,0.09578819952067538
20/07/2013 18:15:05,0.07695189899301784
21/07/2013 18:15:05,0.08554430741530199
22/07/2013 18:15:05,0.08899939854939778
23/07/2013 18:15:05,0.12121943769783809
24/07/2013 18:15:05,0.11551596282364486
25/07/2013 18:15:05,0.1387748161371607
26/07/2013 18:15:05,0.105780285395933
27/07/2013 18:15:05,0.09575757113370029
28/07/2013 18:15:05,0.08366679067665574
29/07/2013 18:15:05,0.12002651375460338
30/07/2013 18:15:05,0.0937530517578125
31/07/2013 18:15:05,0.12126076760603555
01/08/2013 18:15:05,0.1104327021418391
02/08/2013 18:15:05,0.12230695925260845
03/08/2013 18:15:05,0.11787447583076008
04/08/2013 18:15:05,0.116464955067774
05/08/2013 18:15:05,0.10799658298492432
06/08/2013 18:15:05,0.1180798818194677
07/08/2013 18:15:05,0.13674326918341898
08/08/2013 18:15:05,0.1195927091164164
09/08/2013 18:15:05,0.10787423757406381
10/08/2013 18:15:05,0.11358245772932044
11/08/2013 18:15:05,0.0820556310849769
12/08/2013 18:15:05,0.10316096643173017
13/08/2013 18:15:05,0.13853006064891815
14/08/2013 18:15:05,0.1457778943049443
15/08/2013 18:15:05,0.16372538469508738
16/08/2013 18:15:05,0.16545178723889728
17/08/2013 18:15:05,0.13039437462301814
18/08/2013 18:15:05,0.11438113662797182
19/08/2013 18:15:05,0.16597805666119864
20/08/2013 18:15:05,0.16035632665644692
21/08/2013 18:15:05,0.1294435112221727
22/08/2013 18:15:05,0.12360081305870643
23/08/2013 18:15:05,0.1227293103240257
24/08/2013 18:15:05,0.12488051896454186
25/08/2013 18:15:05,0.13937101164064208
26/08/2013 18:15:05,0.14791455298113676
27/08/2013 18:15:05,0.1582739464072294
28/08/2013 18:15:05,0.16327543315773238
29/08/2013 18:15:05,0.12577534685231218
30/08/2013 18:15:05,0.1362909779106219
31/08/2013 18:15:05,0.1041519608608512
01/09/2013 18:15:05,0.0910910700892543
02/09/2013 18:15:05,0.0906532328179542
03/09/2013 18:15:05,0.1281589765806456
04/09/2013 18:15:05,0.12478396536289961
05/09/2013 18:15:05,0.15102557316879553
06/09/2013 18:15:05,0.13950855857447575
07/09/2013 18:15:05,0.1408412792931305
08/09/2013 18:15:05,0.12933921173914967
09/09/2013 18:15:05,0.1202137359065713
10/09/2013 18:15:05,0.12247766986969978
11/09/2013 18:15:05,0.10420815387175451
12/09/2013 18:15:05,0.10784679192763108
13/09/2013 18:15:05,0.10045912152244932
14/09/2013 18:15:05,0.09328863797364412
15/09/2013 18:15:05,0.11464619245685514
16/09/2013 18:15:05,0.12624866440451357
17/09/2013 18:15:05,0.16682058000295175
18/09/2013 18:15:05,0.18191939473941626
19/09/2013 18:15:05,0.12723116752428887
20/09/2013 18:15:05,0.12870977826686722
21/09/2013 18:15:05,0.1224256556301831
22/09/2013 18:15:05,0.10869012295621112
23/09/2013 18:15:05,0.11603852958161368
24/09/2013 18:15:05,0.13547695691312722
25/09/2013 18:15:05,0.11320001388264593
26/09/2013 18:15:05,0.1403987449512147
27/09/2013 18:15:05,0.12530750036239624
28/09/2013 18:15:05,0.11765684718974152
29/09/2013 18:15:05,0.11035543396359399
30/09/2013 18:15:05,0.11546497228668957
01/10/2013 18:15:05,0.12115295079289651
02/10/2013 18:15:05,0.16500340720821668
03/10/2013 18:15:05,0.1394787889260512
04/10/2013 18:15:05,0.1324323375573319
05/10/2013 18:15:05,0.1007343355513297
06/10/2013 18:15:05,0.10093871201619063
07/10/2013 18:15:05,0.13053164139292597
08/10/2013 18:15:05,0.12726058104099372
09/10/2013 18:15:05,0.11592783693407403
10/10/2013 18:15:05,0.13323438595502804
11/10/2013 18:15:05,0.1302568629636603
12/10/2013 18:15:05,0.11174109986590855
13/10/2013 18:15:05,0.10607731914936715
14/10/2013 18:15:05,0.10491097989932512
15/10/2013 18:15:05,0.10244122628242738
16/10/2013 18:15:05,0.10983275496252051
17/10/2013 18:15:05,0.11737154848748745
18/10/2013 18:15:05,0.1510484893887029
19/10/2013 18:15:05,0.12123619149264679
20/10/2013 18:15:05,0.11119997942889179
21/10/2013 18:15:05,0.13441630501059157
22/10/2013 18:15:05,0.12749118498530254
23/10/2013 18:15:05,0.12725307591153548
24/10/2013 18:15:05,0.15633794793671968
25/10/2013 18:15:05,0.12349060773849488
26/10/2013 18:15:05,0.12030862683626875
27/10/2013 18:15:05,0.11322228922008795
28/10/2013 18:15:05,0.11826855110722548
29/10/2013 18:15:05,0.1465095957373358
30/10/2013 18:15:05,0.11811222348894392
31/10/2013 18:15:05,0.12084530643298866
01/11/2013 18:15:05,0.12296566210295025
02/11/2013 18:15:05,0.09722195902178364
03/11/2013 18:15:05,0.09335415217341209
04/11/2013 18:15:05,0.10689082622528076
05/11/2013 18:15:05,0.14755127850700828
06/11/2013 18:15:05,0.18275509940253365
07/11/2013 18:15:05,0.18920267402351676
08/11/2013 18:15:05,0.22114895698719456
09/11/2013 18:15:05,0.2018183318661972
10/11/2013 18:15:05,0.17459980646769205
11/11/2013 18:15:05,0.1331029989780524
12/11/2013 18:15:05,0.14262999680937913
13/11/2013 18:15:05,0.1503969151922997
14/11/2013 18:15:05,0.19416408425957493
15/11/2013 18:15:05,0.17249231397008602
16/11/2013 18:15:05,0.12250591297538913
17/11/2013 18:15:05,0.11672464182957466
18/11/2013 18:15:05,0.22315580088917802
19/11/2013 18:15:05,0.30548547929333103
20/11/2013 18:15:05,0.22742654063218942
21/11/2013 18:15:05,0.2584868830603522
22/11/2013 18:15:05,0.2259796383869217
23/11/2013 18:15:05,0.21818341737912025
24/11/2013 18:15:05,0.16801811927972837
25/11/2013 18:15:05,0.1756313376956516
26/11/2013 18:15:05,0.22442246064907168
27/11/2013 18:15:05,0.250349803143237
28/11/2013 18:15:05,0.24694282405979032
29/11/2013 18:15:05,0.21475993491507867
30/11/2013 18:15:05,0.2333429276943207
01/12/2013 18:15:05,0.1655646690955529
02/12/2013 18:15:05,0.2113229189913697
03/12/2013 18:15:05,0.19095095082333213
04/12/2013 18:15:05,0.20626478141310525
05/12/2013 18:15:05,0.2357719990245083
06/12/2013 18:15:05,0.15981854533697193
07/12/2013 18:15:05,0.1765010952949524
08/12/2013 18:15:05,0.13002306655798546
09/12/2013 18:15:05,0.13709482046274038
10/12/2013 18:15:05,0.17202000119792882
11/12/2013 18:15:05,0.19986783401875557
12/12/2013 18:15:05,0.1623579910002559
13/12/2013 18:15:05,0.17235492223716645
14/12/2013 18:15:05,0.15949742317199708
15/12/2013 18:15:05,0.16086817323491814
16/12/2013 18:15:05,0.16627912570775483
17/12/2013 18:15:05,0.17960603104024975
18/12/2013 18:15:05,0.1840502012343634
19/12/2013 18:15:05,0.14136625660790336
20/12/2013 18:15:05,0.1564162792545734
21/12/2013 18:15:05,0.18646220341781897
22/12/2013 18:15:05,0.14706928758736115
23/12/2013 18:15:05,0.16363917656664578
24/12/2013 18:15:05,0.17050999905689654
25/12/2013 18:15:05,0.16647578949152037
26/12/2013 18:15:05,0.1479630337081142
27/12/2013 18:15:05,0.15787568773542132
28/12/2013 18:15:05,0.1477436437839415
29/12/2013 18:15:05,0.1646132214864095
30/12/2013 18:15:05,0.16801555869505577
31/12/2013 18:15:05,0.158362642547788
01/01/2014 18:15:05,0.09794767856597901
02/01/2014 18:15:05,0.16874178141763765
03/01/2014 18:15:05,0.1899403472619554
04/01/2014 18:15:05,0.17756101891801163
05/01/2014 18:15:05,0.15948274400499132
06/01/2014 18:15:05,0.19998654942054533
07/01/2014 18:15:05,0.16613675693777155
08/01/2014 18:15:05,0.15278539802822363
09/01/2014 18:15:05,0.14957933267835755
10/01/2014 18:15:05,0.13444890126143352
11/01/2014 18:15:05,0.13588587443033853
12/01/2014 18:15:05,0.13147761696263363
13/01/2014 18:15:05,0.12947121512126453
14/01/2014 18:15:05,0.1727342481737013
15/01/2014 18:15:05,0.17031959622924092
16/01/2014 18:15:05,0.13391706943511963
17/01/2014 18:15:05,0.18678035611420676
18/01/2014 18:15:05,0.14797409619290405
19/01/2014 18:15:05,0.13190004618271536
20/01/2014 18:15:05,0.1716924208760913
21/01/2014 18:15:05,0.20455011101656181
22/01/2014 18:15:05,0.16647668135793586
23/01/2014 18:15:05,0.1763451447647609
24/01/2014 18:15:05,0.16427354909935776
25/01/2014 18:15:05,0.1709584451490833
26/01/2014 18:15:05,0.15673401355743408
27/01/2014 18:15:05,0.18472207110861075
28/01/2014 18:15:05,0.1903272939015584
29/01/2014 18:15:05,0.17868765698203556
30/01/2014 18:15:05,0.18317267894744874
31/01/2014 18:15:05,0.1616103804629782
01/02/2014 18:15:05,0.14384966816393857
02/02/2014 18:15:05,0.15432230810101114
03/02/2014 18:15:05,0.16088931093510894
04/02/2014 18:15:05,0.20391928091557068
05/02/2014 18:15:05,0.20718331364860312
06/02/2014 18:15:05,0.2185486034004988
07/02/2014 18:15:05,0.22687880198160806
08/02/2014 18:15:05,0.18660768781389508
09/02/2014 18:15:05,0.18607683371234413
10/02/2014 18:15:05,0.21100186989977468
11/02/2014 18:15:05,0.174811311824593
12/02/2014 18:15:05,0.24352478552721218
13/02/2014 18:15:05,0.20892363124423557
14/02/2014 18:15:05,0.2151298872463366
15/02/2014 18:15:05,0.19064536624484593
16/02/2014 18:15:05,0.14217381156170306
17/02/2014 18:15:05,0.17154097844319172
18/02/2014 18:15:05,0.22504052716101
19/02/2014 18:15:05,0.19164832349847125
20/02/2014 18:15:05,0.22811310193692033
21/02/2014 18:15:05,0.23306880110786074
22/02/2014 18:15:05,0.19174799686524927
23/02/2014 18:15:05,0.18393509728567942
24/02/2014 18:15:05,0.20529767445155553
25/02/2014 18:15:05,0.27614859412698184
26/02/2014 18:15:05,0.22130200612610876
27/02/2014 18:15:05,0.20653897065382737
28/02/2014 18:15:05,0.199571781970085
01/03/2014 18:15:05,0.2652751690632588
02/03/2014 18:15:05,0.22263717651367188
03/03/2014 18:15:05,0.29514829205795073
04/03/2014 18:15:05,0.36562266452706976
05/03/2014 18:15:05,0.27517859535928096
06/03/2014 18:15:05,0.25071664504062985
07/03/2014 18:15:05,0.22914341681017847
08/03/2014 18:15:05,0.20985755375453405
09/03/2014 18:15:05,0.2075598705105665
10/03/2014 18:15:05,0.22768834431966145
11/03/2014 18:15:05,0.239131836664109
12/03/2014 18:15:05,0.24625006743839808
13/03/2014 18:15:05,0.24080513497076092
14/03/2014 18:15:05,0.2694136461765646
15/03/2014 18:15:05,0.19436394827706474
16/03/2014 18:15:05,0.17121318020398105
17/03/2014 18:15:05,0.1758469892351815
18/03/2014 18:15:05,0.18234379867027545
19/03/2014 18:15:05,0.20219028842064643
20/03/2014 18:15:05,0.21471568924224305
21/03/2014 18:15:05,0.23075218622197105
22/03/2014 18:15:05,0.23110502416437323
23/03/2014 18:15:05,0.14583260140767912
24/03/2014 18:15:05,0.17959326355900596
25/03/2014 18:15:05,0.25061513888125386
26/03/2014 18:15:05,0.23383702507501916
27/03/2014 18:15:05,0.23689372810774934
28/03/2014 18:15:05,0.20849156509983083
29/03/2014 18:15:05,0.16945790407950417
30/03/2014 18:15:05,0.20956594351954108
31/03/2014 18:15:05,0.20215631098974318
01/04/2014 18:15:05,0.19991667976592506
02/04/2014 18:15:05,0.19905496545740076
03/04/2014 18:15:05,0.1683887610068688
04/04/2014 18:15:05,0.1790976548076269
05/04/2014 18:15:05,0.18604858760727183
06/04/2014 18:15:05,0.20302376277010206
07/04/2014 18:15:05,0.22489186509014808
08/04/2014 18:15:05,0.25920982238573903
09/04/2014 18:15:05,0.2444607636024212
10/04/2014 18:15:05,0.2249362291608538
11/04/2014 18:15:05,0.24483216048887113
12/04/2014 18:15:05,0.17925239801406861
13/04/2014 18:15:05,0.13651502791361594
14/04/2014 18:15:05,0.20193108883532848
15/04/2014 18:15:05,0.21607968257023738
16/04/2014 18:15:05,0.2807882424168939
17/04/2014 18:15:05,0.21933792925429071
18/04/2014 18:15:05,0.19625298182169595
19/04/2014 18:15:05,0.18836577245794192
20/04/2014 18:15:05,0.16902285183177274
21/04/2014 18:15:05,0.17980659614175054
22/04/2014 18:15:05,0.2531507479680049
23/04/2014 18:15:05,0.21533491952078684
24/04/2014 18:15:05,0.24727838866564691
25/04/2014 18:15:05,0.2588411947576011
26/04/2014 18:15:05,0.17758027087436634
27/04/2014 18:15:05,0.17862562076774186
28/04/2014 18:15:05,0.20470690439982586
29/04/2014 18:15:05,0.22437846509716178
30/04/2014 18:15:05,0.24150643936575275
01/05/2014 18:15:05,0.20442069144476027
02/05/2014 18:15:05,0.19070127150591681
03/05/2014 18:15:05,0.19904091623094347
04/05/2014 18:15:05,0.19189417362213135
05/05/2014 18:15:05,0.26435281372070313
06/05/2014 18:15:05,0.2148567271488969
07/05/2014 18:15:05,0.23019924046803106
08/05/2014 18:15:05,0.23056500997298804
09/05/2014 18:15:05,0.22144862829920758
10/05/2014 18:15:05,0.17427722478317
11/05/2014 18:15:05,0.1777655762362193
12/05/2014 18:15:05,0.2400716368559819
13/05/2014 18:15:05,0.22163756875430837
14/05/2014 18:15:05,0.2487648646036784
15/05/2014 18:15:05,0.23871899800128246
16/05/2014 18:15:05,0.2060360856108613
17/05/2014 18:15:05,0.1770156224568685
18/05/2014 18:15:05,0.20180861980884107
19/05/2014 18:15:05,0.20916363344354144
20/05/2014 18:15:05,0.21985858512324327
21/05/2014 18:15:05,0.23853176095512477
22/05/2014 18:15:05,0.2307028285043682
23/05/2014 18:15:05,0.25937735279904134
24/05/2014 18:15:05,0.18603692735944474
25/05/2014 18:15:05,0.20978036463655383
26/05/2014 18:15:05,0.2152259589652338
27/05/2014 18:15:05,0.29047144660653995
28/05/2014 18:15:05,0.22945167519951945
29/05/2014 18:15:05,0.2801773930323943
30/05/2014 18:15:05,0.22372152176371382
31/05/2014 18:15:05,0.20126050396969444
01/06/2014 18:15:05,0.18315475080266344
02/06/2014 18:15:05,0.19441003106825844
03/06/2014 18:15:05,0.21483511620379508
04/06/2014 18:15:05,0.19833689830342277
05/06/2014 18:15:05,0.25803135839001884
06/06/2014 18:15:05,0.2525542297878781
07/06/2014 18:15:05,0.19175487094455296
08/06/2014 18:15:05,0.1889568328857422
09/06/2014 18:15:05,0.24327177159926472
10/06/2014 18:15:05,0.21734898238532288
11/06/2014 18:15:05,0.24059356402044427
12/06/2014 18:15:05,0.22883111276934223
13/06/2014 18:15:05,0.22100362323579334
14/06/2014 18:15:05,0.1859089515425942
15/06/2014 18:15:05,0.16361903631558983
16/06/2014 18:15:05,0.18329984448813452
17/06/2014 18:15:05,0.2064357500397757
18/06/2014 18:15:05,0.2169939826516544
19/06/2014 18:15:05,0.227848008768448
20/06/2014 18:15:05,0.1873745428549277
21/06/2014 18:15:05,0.15770991895564648
22/06/2014 18:15:05,0.15985681602991925
23/06/2014 18:15:05,0.20040624956541422
24/06/2014 18:15:05,0.18265943816213898
25/06/2014 18:15:05,0.19587506017377299
26/06/2014 18:15:05,0.20450818468952736
27/06/2014 18:15:05,0.18139592848997066
28/06/2014 18:15:05,0.17059928465654506
29/06/2014 18:15:05,0.1800694739681551
30/06/2014 18:15:05,0.28613034820556643
01/07/2014 18:15:05,0.31244620032932446
02/07/2014 18:15:05,0.2777164445506583
03/07/2014 18:15:05,0.2700554051793608
04/07/2014 18:15:05,0.20581889748573304
05/07/2014 18:15:05,0.17103798765885203
06/07/2014 18:15:05,0.21249410770083435
07/07/2014 18:15:05,0.24025280355549544
08/07/2014 18:15:05,0.2528474478074062
09/07/2014 18:15:05,0.26393601279588613
10/07/2014 18:15:05,0.23263400560849673
11/07/2014 18:15:05,0.23349103927612305
12/07/2014 18:15:05,0.18495884519634825
13/07/2014 18:15:05,0.20766546199848127
14/07/2014 18:15:05,0.22432277284819505
15/07/2014 18:15:05,0.2744028810141743
16/07/2014 18:15:05,0.22431528496019768
17/07/2014 18:15:05,0.22154361323306435
18/07/2014 18:15:05,0.22673312373131327
19/07/2014 18:15:05,0.18971633911132812
20/07/2014 18:15:05,0.19141799141378962
21/07/2014 18:15:05,0.22808441059701395
22/07/2014 18:15:05,0.2616889526794007
23/07/2014 18:15:05,0.25400895941747376
24/07/2014 18:15:05,0.2382672841116886
25/07/2014 18:15:05,0.23524954364557935
26/07/2014 18:15:05,0.2238537107195173
27/07/2014 18:15:05,0.19037524513576343
28/07/2014 18:15:05,0.25573708730585437
29/07/2014 18:15:05,0.23803821026078806
30/07/2014 18:15:05,0.2093553924560547
31/07/2014 18:15:05,0.24813101508400656
01/08/2014 18:15:05,0.2465089785507302
02/08/2014 18:15:05,0.18955929321650217
03/08/2014 18:15:05,0.19153640772167005
04/08/2014 18:15:05,0.25226316098813656
05/08/2014 18:15:05,0.3073759006731438
06/08/2014 18:15:05,0.289923829970017
07/08/2014 18:15:05,0.24857401392262451
08/08/2014 18:15:05,0.23798192658039355
09/08/2014 18:15:05,0.19890873418378002
10/08/2014 18:15:05,0.19045511703917434
11/08/2014 18:15:05,0.22565400993431006
12/08/2014 18:15:05,0.2372525673544868
13/08/2014 18:15:05,0.27621093677107694
14/08/2014 18:15:05,0.2692111968994141
15/08/2014 18:15:05,0.23453353811626784
16/08/2014 18:15:05,0.30297648558142587
17/08/2014 18:15:05,0.20917400591301197
18/08/2014 18:15:05,0.20937787192208426
19/08/2014 18:15:05,0.1938835069971177
20/08/2014 18:15:05,0.24504588525506515
21/08/2014 18:15:05,0.2461990061260405
22/08/2014 18:15:05,0.2307807081234381
23/08/2014 18:15:05,0.20379617411619538
24/08/2014 18:15:05,0.1969226046306331
25/08/2014 18:15:05,0.27380712708430505
26/08/2014 18:15:05,0.24537485191620975
27/08/2014 18:15:05,0.2451529414017008
28/08/2014 18:15:05,0.21311603988731764
29/08/2014 18:15:05,0.21147727391805993
30/08/2014 18:15:05,0.19300882206406705
31/08/2014 18:15:05,0.16906439463297526
01/09/2014 18:15:05,0.2408553695678711
02/09/2014 18:15:05,0.27370078080183974
03/09/2014 18:15:05,0.24516232208635821
04/09/2014 18:15:05,0.2263597671143309
05/09/2014 18:15:05,0.24259263237050716
06/09/2014 18:15:05,0.21711917718251547
07/09/2014 18:15:05,0.22293591499328613
08/09/2014 18:15:05,0.2544468462077621
09/09/2014 18:15:05,0.3186037612683845
10/09/2014 18:15:05,0.3478251359401605
11/09/2014 18:15:05,0.2192728136792595
12/09/2014 18:15:05,0.21879503001337466
13/09/2014 18:15:05,0.18094448585294734
14/09/2014 18:15:05,0.22498873542336856
15/09/2014 18:15:05,0.28906530302924077
16/09/2014 18:15:05,0.29818695113503724
17/09/2014 18:15:05,0.21902899767355943
18/09/2014 18:15:05,0.227428657944138
19/09/2014 18:15:05,0.2312920829396189
20/09/2014 18:15:05,0.19711656515308887
21/09/2014 18:15:05,0.2003449467250279
22/09/2014 18:15:05,0.24924294052609972
23/09/2014 18:15:05,0.2628806537350282
24/09/2014 18:15:05,0.28351138413318094
25/09/2014 18:15:05,0.2841907922475616
26/09/2014 18:15:05,0.2669413105541507
27/09/2014 18:15:05,0.29438837617635727
28/09/2014 18:15:05,0.30399046012823533
29/09/2014 18:15:05,0.29102480238762457
30/09/2014 18:15:05,0.290167582662482
01/10/2014 18:15:05,0.30102073406351026
02/10/2014 18:15:05,0.2767405767698546
03/10/2014 18:15:05,0.2781274403240664
04/10/2014 18:15:05,0.30191055377880177
05/10/2014 18:15:05,0.2275247841738583
06/10/2014 18:15:05,0.26613354682922363
07/10/2014 18:15:05,0.28965504753668575
08/10/2014 18:15:05,0.33210637915225427
09/10/2014 18:15:05,0.2867625800656601
10/10/2014 18:15:05,0.2718948208311069
11/10/2014 18:15:05,0.24115778516222547
12/10/2014 18:15:05,0.26744616998208537
13/10/2014 18:15:05,0.2845187717013889
14/10/2014 18:15:05,0.330927004132952
15/10/2014 18:15:05,0.29012018969269837
16/10/2014 18:15:05,0.27289233525594075
17/10/2014 18:15:05,0.28880436740704435
18/10/2014 18:15:05,0.22321252992167276
19/10/2014 18:15:05,0.28697227364155786
20/10/2014 18:15:05,0.3082772683406222
21/10/2014 18:15:05,0.3191504682813372
22/10/2014 18:15:05,0.2560599700749269
23/10/2014 18:15:05,0.3059009538663851
24/10/2014 18:15:05,0.26531825621435245
25/10/2014 18:15:05,0.2662048277102019
26/10/2014 18:15:05,0.29198452142568737
27/10/2014 18:15:05,0.3033805181516097
28/10/2014 18:15:05,0.321274782816569
29/10/2014 18:15:05,0.32013826237784493
30/10/2014 18:15:05,0.2789035256887447
31/10/2014 18:15:05,0.251447763848812
01/11/2014 18:15:05,0.24111363887786866
02/11/2014 18:15:05,0.2787585839992616
03/11/2014 18:15:05,0.3009317890290291
04/11/2014 18:15:05,0.29256249637138554
05/11/2014 18:15:05,0.2925901412963867
06/11/2014 18:15:05,0.33064037191456763
07/11/2014 18:15:05,0.3515857656796773
08/11/2014 18:15:05,0.26768076725495166
09/11/2014 18:15:05,0.32225986864927003
10/11/2014 18:15:05,0.30136569542220876
11/11/2014 18:15:05,0.3282294577740608
12/11/2014 18:15:05,0.36338425389042606
13/11/2014 18:15:05,0.3819091156737445
14/11/2014 18:15:05,0.341988935862502
15/11/2014 18:15:05,0.2658038520812988
16/11/2014 18:15:05,0.2943281897183122
17/11/2014 18:15:05,0.3280993009868421
18/11/2014 18:15:05,0.31611496607462564
19/11/2014 18:15:05,0.34005728951335823
20/11/2014 18:15:05,0.3348154638805529
21/11/2014 18:15:05,0.3719211855242329
22/11/2014 18:15:05,0.26018764399274996
23/11/2014 18:15:05,0.30624464724926237
24/11/2014 18:15:05,0.3026990705920804
25/11/2014 18:15:05,0.3584035560488701
26/11/2014 18:15:05,0.34239492883215417
27/11/2014 18:15:05,0.3445144245642742
28/11/2014 18:15:05,0.29618607182656564
29/11/2014 18:15:05,0.2882465842543848
30/11/2014 18:15:05,0.30882974771352917
01/12/2014 18:15:05,0.38937626685295906
02/12/2014 18:15:05,0.37770588968841123
03/12/2014 18:15:05,0.4436497491253309
04/12/2014 18:15:05,0.35575692073718923
05/12/2014 18:15:05,0.3310261027018229
06/12/2014 18:15:05,0.30882824207174364
07/12/2014 18:15:05,0.349292239204782
08/12/2014 18:15:05,0.3382377560933431
09/12/2014 18:15:05,0.35163683856991557
10/12/2014 18:15:05,0.2985822921845971
11/12/2014 18:15:05,0.3253245057730839
12/12/2014 18:15:05,0.30579196903067574
13/12/2014 18:15:05,0.2924892652284849
14/12/2014 18:15:05,0.33167531273581763
15/12/2014 18:15:05,0.3910937215767655
16/12/2014 18:15:05,0.41467582014270293
17/12/2014 18:15:05,0.41793231513556534
18/12/2014 18:15:05,0.43002813325511463
19/12/2014 18:15:05,0.38986489080613657
20/12/2014 18:15:05,0.37542816594982825
21/12/2014 18:15:05,0.30829269146097116
22/12/2014 18:15:05,0.39802150578461876
23/12/2014 18:15:05,0.3409167807779194
24/12/2014 18:15:05,0.3167611747388019
25/12/2014 18:15:05,0.22405385124612842
26/12/2014 18:15:05,0.2547290457619561
27/12/2014 18:15:05,0.2713931679725647
28/12/2014 18:15:05,0.25458978321737874
29/12/2014 18:15:05,0.26610358085858044
30/12/2014 18:15:05,0.30487907096131206
31/12/2014 18:15:05,0.2740300701510522
01/01/2015 18:15:05,0.1762125405920557
02/01/2015 18:15:05,0.24070367217063904
03/01/2015 18:15:05,0.2756614510605975
04/01/2015 18:15:05,0.2823223378284868
05/01/2015 18:15:05,0.30549458662668866
06/01/2015 18:15:05,0.29975934848663915
07/01/2015 18:15:05,0.32960249926592855
08/01/2015 18:15:05,0.37243435471146197
09/01/2015 18:15:05,0.37082148853101227
10/01/2015 18:15:05,0.3988359803003622
11/01/2015 18:15:05,0.33646296157317906
12/01/2015 18:15:05,0.32658428099097275
13/01/2015 18:15:05,0.508351198832194
14/01/2015 18:15:05,0.39826402601027333
15/01/2015 18:15:05,0.41336323031418615
16/01/2015 18:15:05,0.3823080254881174
17/01/2015 18:15:05,0.36615531810008695
