03/01/2009 18:15:05,0.0
04/01/2009 18:15:05,0.0
05/01/2009 18:15:05,0.0
06/01/2009 18:15:05,0.0
07/01/2009 18:15:05,0.0
08/01/2009 18:15:05,0.0
09/01/2009 18:15:05,0.0
10/01/2009 18:15:05,0.0
11/01/2009 18:15:05,0.0
12/01/2009 18:15:05,0.0
13/01/2009 18:15:05,0.0
14/01/2009 18:15:05,0.0
15/01/2009 18:15:05,0.0
16/01/2009 18:15:05,0.0
17/01/2009 18:15:05,0.0
18/01/2009 18:15:05,0.0
19/01/2009 18:15:05,0.0
20/01/2009 18:15:05,0.0
21/01/2009 18:15:05,0.0
22/01/2009 18:15:05,0.0
23/01/2009 18:15:05,0.0
24/01/2009 18:15:05,0.0
25/01/2009 18:15:05,0.0
26/01/2009 18:15:05,0.0
27/01/2009 18:15:05,0.0
28/01/2009 18:15:05,0.0
29/01/2009 18:15:05,0.0
30/01/2009 18:15:05,0.0
31/01/2009 18:15:05,0.0
01/02/2009 18:15:05,0.0
02/02/2009 18:15:05,0.0
03/02/2009 18:15:05,0.0
04/02/2009 18:15:05,0.0
05/02/2009 18:15:05,0.0
06/02/2009 18:15:05,0.0
07/02/2009 18:15:05,0.0
08/02/2009 18:15:05,0.0
09/02/2009 18:15:05,0.0
10/02/2009 18:15:05,0.0
11/02/2009 18:15:05,0.0
12/02/2009 18:15:05,0.0
13/02/2009 18:15:05,0.0
14/02/2009 18:15:05,0.0
15/02/2009 18:15:05,0.0
16/02/2009 18:15:05,0.0
17/02/2009 18:15:05,0.0
18/02/2009 18:15:05,0.0
19/02/2009 18:15:05,0.0
20/02/2009 18:15:05,0.0
21/02/2009 18:15:05,0.0
22/02/2009 18:15:05,0.0
23/02/2009 18:15:05,0.0
24/02/2009 18:15:05,0.0
25/02/2009 18:15:05,0.0
26/02/2009 18:15:05,0.0
27/02/2009 18:15:05,0.0
28/02/2009 18:15:05,0.0
01/03/2009 18:15:05,0.0
02/03/2009 18:15:05,0.0
03/03/2009 18:15:05,0.0
04/03/2009 18:15:05,0.0
05/03/2009 18:15:05,0.0
06/03/2009 18:15:05,0.0
07/03/2009 18:15:05,0.0
08/03/2009 18:15:05,0.0
09/03/2009 18:15:05,0.0
10/03/2009 18:15:05,0.0
11/03/2009 18:15:05,0.0
12/03/2009 18:15:05,0.0
13/03/2009 18:15:05,0.0
14/03/2009 18:15:05,0.0
15/03/2009 18:15:05,0.0
16/03/2009 18:15:05,0.0
17/03/2009 18:15:05,0.0
18/03/2009 18:15:05,0.0
19/03/2009 18:15:05,0.0
20/03/2009 18:15:05,0.0
21/03/2009 18:15:05,0.0
22/03/2009 18:15:05,0.0
23/03/2009 18:15:05,0.0
24/03/2009 18:15:05,0.0
25/03/2009 18:15:05,0.0
26/03/2009 18:15:05,0.0
27/03/2009 18:15:05,0.0
28/03/2009 18:15:05,0.0
29/03/2009 18:15:05,0.0
30/03/2009 18:15:05,0.0
31/03/2009 18:15:05,0.0
01/04/2009 18:15:05,0.0
02/04/2009 18:15:05,0.0
03/04/2009 18:15:05,0.0
04/04/2009 18:15:05,0.0
05/04/2009 18:15:05,0.0
06/04/2009 18:15:05,0.0
07/04/2009 18:15:05,0.0
08/04/2009 18:15:05,0.0
09/04/2009 18:15:05,0.0
10/04/2009 18:15:05,0.0
11/04/2009 18:15:05,0.0
12/04/2009 18:15:05,0.0
13/04/2009 18:15:05,0.0
14/04/2009 18:15:05,0.0
15/04/2009 18:15:05,0.0
16/04/2009 18:15:05,0.0
17/04/2009 18:15:05,0.0
18/04/2009 18:15:05,0.0
19/04/2009 18:15:05,0.0
20/04/2009 18:15:05,0.0
21/04/2009 18:15:05,0.0
22/04/2009 18:15:05,0.0
23/04/2009 18:15:05,0.0
24/04/2009 18:15:05,0.0
25/04/2009 18:15:05,0.0
26/04/2009 18:15:05,0.0
27/04/2009 18:15:05,0.0
28/04/2009 18:15:05,0.0
29/04/2009 18:15:05,0.0
30/04/2009 18:15:05,0.0
01/05/2009 18:15:05,0.0
02/05/2009 18:15:05,0.0
03/05/2009 18:15:05,0.0
04/05/2009 18:15:05,0.0
05/05/2009 18:15:05,0.0
06/05/2009 18:15:05,0.0
07/05/2009 18:15:05,0.0
08/05/2009 18:15:05,0.0
09/05/2009 18:15:05,0.0
10/05/2009 18:15:05,0.0
11/05/2009 18:15:05,0.0
12/05/2009 18:15:05,0.0
13/05/2009 18:15:05,0.0
14/05/2009 18:15:05,0.0
15/05/2009 18:15:05,0.0
16/05/2009 18:15:05,0.0
17/05/2009 18:15:05,0.0
18/05/2009 18:15:05,0.0
19/05/2009 18:15:05,0.0
20/05/2009 18:15:05,0.0
21/05/2009 18:15:05,0.0
22/05/2009 18:15:05,0.0
23/05/2009 18:15:05,0.0
24/05/2009 18:15:05,0.0
25/05/2009 18:15:05,0.0
26/05/2009 18:15:05,0.0
27/05/2009 18:15:05,0.0
28/05/2009 18:15:05,0.0
29/05/2009 18:15:05,0.0
30/05/2009 18:15:05,0.0
31/05/2009 18:15:05,0.0
01/06/2009 18:15:05,0.0
02/06/2009 18:15:05,0.0
03/06/2009 18:15:05,0.0
04/06/2009 18:15:05,0.0
05/06/2009 18:15:05,0.0
06/06/2009 18:15:05,0.0
07/06/2009 18:15:05,0.0
08/06/2009 18:15:05,0.0
09/06/2009 18:15:05,0.0
10/06/2009 18:15:05,0.0
11/06/2009 18:15:05,0.0
12/06/2009 18:15:05,0.0
13/06/2009 18:15:05,0.0
14/06/2009 18:15:05,0.0
15/06/2009 18:15:05,0.0
16/06/2009 18:15:05,0.0
17/06/2009 18:15:05,0.0
18/06/2009 18:15:05,0.0
19/06/2009 18:15:05,0.0
20/06/2009 18:15:05,0.0
21/06/2009 18:15:05,0.0
22/06/2009 18:15:05,0.0
23/06/2009 18:15:05,0.0
24/06/2009 18:15:05,0.0
25/06/2009 18:15:05,0.0
26/06/2009 18:15:05,0.0
27/06/2009 18:15:05,0.0
28/06/2009 18:15:05,0.0
29/06/2009 18:15:05,0.0
30/06/2009 18:15:05,0.0
01/07/2009 18:15:05,0.0
02/07/2009 18:15:05,0.0
03/07/2009 18:15:05,0.0
04/07/2009 18:15:05,0.0
05/07/2009 18:15:05,0.0
06/07/2009 18:15:05,0.0
07/07/2009 18:15:05,0.0
08/07/2009 18:15:05,0.0
09/07/2009 18:15:05,0.0
10/07/2009 18:15:05,0.0
11/07/2009 18:15:05,0.0
12/07/2009 18:15:05,0.0
13/07/2009 18:15:05,0.0
14/07/2009 18:15:05,0.0
15/07/2009 18:15:05,0.0
16/07/2009 18:15:05,0.0
17/07/2009 18:15:05,0.0
18/07/2009 18:15:05,0.0
19/07/2009 18:15:05,0.0
20/07/2009 18:15:05,0.0
21/07/2009 18:15:05,0.0
22/07/2009 18:15:05,0.0
23/07/2009 18:15:05,0.0
24/07/2009 18:15:05,0.0
25/07/2009 18:15:05,0.0
26/07/2009 18:15:05,0.0
27/07/2009 18:15:05,0.0
28/07/2009 18:15:05,0.0
29/07/2009 18:15:05,0.0
30/07/2009 18:15:05,0.0
31/07/2009 18:15:05,0.0
01/08/2009 18:15:05,0.0
02/08/2009 18:15:05,0.0
03/08/2009 18:15:05,0.0
04/08/2009 18:15:05,0.0
05/08/2009 18:15:05,0.0
06/08/2009 18:15:05,0.0
07/08/2009 18:15:05,0.0
08/08/2009 18:15:05,0.0
09/08/2009 18:15:05,0.0
10/08/2009 18:15:05,0.0
11/08/2009 18:15:05,0.0
12/08/2009 18:15:05,0.0
13/08/2009 18:15:05,0.0
14/08/2009 18:15:05,0.0
15/08/2009 18:15:05,0.0
16/08/2009 18:15:05,0.0
17/08/2009 18:15:05,0.0
18/08/2009 18:15:05,0.0
19/08/2009 18:15:05,0.0
20/08/2009 18:15:05,0.0
21/08/2009 18:15:05,0.0
22/08/2009 18:15:05,0.0
23/08/2009 18:15:05,0.0
24/08/2009 18:15:05,0.0
25/08/2009 18:15:05,0.0
26/08/2009 18:15:05,0.0
27/08/2009 18:15:05,0.0
28/08/2009 18:15:05,0.0
29/08/2009 18:15:05,0.0
30/08/2009 18:15:05,0.0
31/08/2009 18:15:05,0.0
01/09/2009 18:15:05,0.0
02/09/2009 18:15:05,0.0
03/09/2009 18:15:05,0.0
04/09/2009 18:15:05,0.0
05/09/2009 18:15:05,0.0
06/09/2009 18:15:05,0.0
07/09/2009 18:15:05,0.0
08/09/2009 18:15:05,0.0
09/09/2009 18:15:05,0.0
10/09/2009 18:15:05,0.0
11/09/2009 18:15:05,0.0
12/09/2009 18:15:05,0.0
13/09/2009 18:15:05,0.0
14/09/2009 18:15:05,0.0
15/09/2009 18:15:05,0.0
16/09/2009 18:15:05,0.0
17/09/2009 18:15:05,0.0
18/09/2009 18:15:05,0.0
19/09/2009 18:15:05,0.0
20/09/2009 18:15:05,0.0
21/09/2009 18:15:05,0.0
22/09/2009 18:15:05,0.0
23/09/2009 18:15:05,0.0
24/09/2009 18:15:05,0.0
25/09/2009 18:15:05,0.0
26/09/2009 18:15:05,0.0
27/09/2009 18:15:05,0.0
28/09/2009 18:15:05,0.0
29/09/2009 18:15:05,0.0
30/09/2009 18:15:05,0.0
01/10/2009 18:15:05,0.0
02/10/2009 18:15:05,0.0
03/10/2009 18:15:05,0.0
04/10/2009 18:15:05,0.0
05/10/2009 18:15:05,0.0
06/10/2009 18:15:05,0.0
07/10/2009 18:15:05,0.0
08/10/2009 18:15:05,0.0
09/10/2009 18:15:05,0.0
10/10/2009 18:15:05,0.0
11/10/2009 18:15:05,0.0
12/10/2009 18:15:05,0.0
13/10/2009 18:15:05,0.0
14/10/2009 18:15:05,0.0
15/10/2009 18:15:05,0.0
16/10/2009 18:15:05,0.0
17/10/2009 18:15:05,0.0
18/10/2009 18:15:05,0.0
19/10/2009 18:15:05,0.0
20/10/2009 18:15:05,0.0
21/10/2009 18:15:05,0.0
22/10/2009 18:15:05,0.0
23/10/2009 18:15:05,0.0
24/10/2009 18:15:05,0.0
25/10/2009 18:15:05,0.0
26/10/2009 18:15:05,0.0
27/10/2009 18:15:05,0.0
28/10/2009 18:15:05,0.0
29/10/2009 18:15:05,0.0
30/10/2009 18:15:05,0.0
31/10/2009 18:15:05,0.0
01/11/2009 18:15:05,0.0
02/11/2009 18:15:05,0.0
03/11/2009 18:15:05,0.0
04/11/2009 18:15:05,0.0
05/11/2009 18:15:05,0.0
06/11/2009 18:15:05,0.0
07/11/2009 18:15:05,0.0
08/11/2009 18:15:05,0.0
09/11/2009 18:15:05,0.0
10/11/2009 18:15:05,0.0
11/11/2009 18:15:05,0.0
12/11/2009 18:15:05,0.0
13/11/2009 18:15:05,0.0
14/11/2009 18:15:05,0.0
15/11/2009 18:15:05,0.0
16/11/2009 18:15:05,0.0
17/11/2009 18:15:05,0.0
18/11/2009 18:15:05,0.0
19/11/2009 18:15:05,0.0
20/11/2009 18:15:05,0.0
21/11/2009 18:15:05,0.0
22/11/2009 18:15:05,0.0
23/11/2009 18:15:05,0.0
24/11/2009 18:15:05,0.0
25/11/2009 18:15:05,0.0
26/11/2009 18:15:05,0.0
27/11/2009 18:15:05,0.0
28/11/2009 18:15:05,0.0
29/11/2009 18:15:05,0.0
30/11/2009 18:15:05,0.0
01/12/2009 18:15:05,0.0
02/12/2009 18:15:05,0.0
03/12/2009 18:15:05,0.0
04/12/2009 18:15:05,0.0
05/12/2009 18:15:05,0.0
06/12/2009 18:15:05,0.0
07/12/2009 18:15:05,0.0
08/12/2009 18:15:05,0.0
09/12/2009 18:15:05,0.0
10/12/2009 18:15:05,0.0
11/12/2009 18:15:05,0.0
12/12/2009 18:15:05,0.0
13/12/2009 18:15:05,0.0
14/12/2009 18:15:05,0.0
15/12/2009 18:15:05,0.0
16/12/2009 18:15:05,0.0
17/12/2009 18:15:05,0.0
18/12/2009 18:15:05,0.0
19/12/2009 18:15:05,0.0
20/12/2009 18:15:05,0.0
21/12/2009 18:15:05,0.0
22/12/2009 18:15:05,0.0
23/12/2009 18:15:05,0.0
24/12/2009 18:15:05,0.0
25/12/2009 18:15:05,0.0
26/12/2009 18:15:05,0.0
27/12/2009 18:15:05,0.0
28/12/2009 18:15:05,0.0
29/12/2009 18:15:05,0.0
30/12/2009 18:15:05,0.0
31/12/2009 18:15:05,0.0
01/01/2010 18:15:05,0.0
02/01/2010 18:15:05,0.0
03/01/2010 18:15:05,0.0
04/01/2010 18:15:05,0.0
05/01/2010 18:15:05,0.0
06/01/2010 18:15:05,0.0
07/01/2010 18:15:05,0.0
08/01/2010 18:15:05,0.0
09/01/2010 18:15:05,0.0
10/01/2010 18:15:05,0.0
11/01/2010 18:15:05,0.0
12/01/2010 18:15:05,0.0
13/01/2010 18:15:05,0.0
14/01/2010 18:15:05,0.0
15/01/2010 18:15:05,0.0
16/01/2010 18:15:05,0.0
17/01/2010 18:15:05,0.0
18/01/2010 18:15:05,0.0
19/01/2010 18:15:05,0.0
20/01/2010 18:15:05,0.0
21/01/2010 18:15:05,0.0
22/01/2010 18:15:05,0.0
23/01/2010 18:15:05,0.0
24/01/2010 18:15:05,0.0
25/01/2010 18:15:05,0.0
26/01/2010 18:15:05,0.0
27/01/2010 18:15:05,0.0
28/01/2010 18:15:05,0.0
29/01/2010 18:15:05,0.0
30/01/2010 18:15:05,0.0
31/01/2010 18:15:05,0.0
01/02/2010 18:15:05,0.0
02/02/2010 18:15:05,0.0
03/02/2010 18:15:05,0.0
04/02/2010 18:15:05,0.0
05/02/2010 18:15:05,0.0
06/02/2010 18:15:05,0.0
07/02/2010 18:15:05,0.0
08/02/2010 18:15:05,0.0
09/02/2010 18:15:05,0.0
10/02/2010 18:15:05,0.0
11/02/2010 18:15:05,0.0
12/02/2010 18:15:05,0.0
13/02/2010 18:15:05,0.0
14/02/2010 18:15:05,0.0
15/02/2010 18:15:05,0.0
16/02/2010 18:15:05,0.0
17/02/2010 18:15:05,0.0
18/02/2010 18:15:05,0.0
19/02/2010 18:15:05,0.0
20/02/2010 18:15:05,0.0
21/02/2010 18:15:05,0.0
22/02/2010 18:15:05,0.0
23/02/2010 18:15:05,0.0
24/02/2010 18:15:05,0.0
25/02/2010 18:15:05,0.0
26/02/2010 18:15:05,0.0
27/02/2010 18:15:05,0.0
28/02/2010 18:15:05,0.0
01/03/2010 18:15:05,0.0
02/03/2010 18:15:05,0.0
03/03/2010 18:15:05,0.0
04/03/2010 18:15:05,0.0
05/03/2010 18:15:05,0.0
06/03/2010 18:15:05,0.0
07/03/2010 18:15:05,0.0
08/03/2010 18:15:05,0.0
09/03/2010 18:15:05,0.0
10/03/2010 18:15:05,0.0
11/03/2010 18:15:05,0.0
12/03/2010 18:15:05,0.0
13/03/2010 18:15:05,0.0
14/03/2010 18:15:05,0.0
15/03/2010 18:15:05,0.0
16/03/2010 18:15:05,0.0
17/03/2010 18:15:05,0.0
18/03/2010 18:15:05,0.0
19/03/2010 18:15:05,0.0
20/03/2010 18:15:05,0.0
21/03/2010 18:15:05,0.0
22/03/2010 18:15:05,0.0
23/03/2010 18:15:05,0.0
24/03/2010 18:15:05,0.0
25/03/2010 18:15:05,0.0
26/03/2010 18:15:05,0.0
27/03/2010 18:15:05,0.0
28/03/2010 18:15:05,0.0
29/03/2010 18:15:05,0.0
30/03/2010 18:15:05,0.0
31/03/2010 18:15:05,0.0
01/04/2010 18:15:05,0.0
02/04/2010 18:15:05,0.0
03/04/2010 18:15:05,0.0
04/04/2010 18:15:05,0.0
05/04/2010 18:15:05,0.0
06/04/2010 18:15:05,0.0
07/04/2010 18:15:05,0.0
08/04/2010 18:15:05,0.0
09/04/2010 18:15:05,0.0
10/04/2010 18:15:05,0.0
11/04/2010 18:15:05,0.0
12/04/2010 18:15:05,0.0
13/04/2010 18:15:05,0.0
14/04/2010 18:15:05,0.0
15/04/2010 18:15:05,0.0
16/04/2010 18:15:05,0.0
17/04/2010 18:15:05,0.0
18/04/2010 18:15:05,0.0
19/04/2010 18:15:05,0.0
20/04/2010 18:15:05,0.0
21/04/2010 18:15:05,0.0
22/04/2010 18:15:05,0.0
23/04/2010 18:15:05,0.0
24/04/2010 18:15:05,0.0
25/04/2010 18:15:05,0.0
26/04/2010 18:15:05,0.0
27/04/2010 18:15:05,0.0
28/04/2010 18:15:05,0.0
29/04/2010 18:15:05,0.0
30/04/2010 18:15:05,0.0
01/05/2010 18:15:05,0.0
02/05/2010 18:15:05,0.0
03/05/2010 18:15:05,0.0
04/05/2010 18:15:05,0.0
05/05/2010 18:15:05,0.0
06/05/2010 18:15:05,0.0
07/05/2010 18:15:05,0.0
08/05/2010 18:15:05,0.0
09/05/2010 18:15:05,0.0
10/05/2010 18:15:05,0.0
11/05/2010 18:15:05,0.0
12/05/2010 18:15:05,0.0
13/05/2010 18:15:05,0.0
14/05/2010 18:15:05,0.0
15/05/2010 18:15:05,0.0
16/05/2010 18:15:05,0.0
17/05/2010 18:15:05,0.0
18/05/2010 18:15:05,0.0
19/05/2010 18:15:05,0.0
20/05/2010 18:15:05,0.0
21/05/2010 18:15:05,0.0
22/05/2010 18:15:05,0.0
23/05/2010 18:15:05,0.0
24/05/2010 18:15:05,0.0
25/05/2010 18:15:05,0.0
26/05/2010 18:15:05,0.0
27/05/2010 18:15:05,0.0
28/05/2010 18:15:05,0.0
29/05/2010 18:15:05,0.0
30/05/2010 18:15:05,0.0
31/05/2010 18:15:05,0.0
01/06/2010 18:15:05,0.0
02/06/2010 18:15:05,0.0
03/06/2010 18:15:05,0.0
04/06/2010 18:15:05,0.0
05/06/2010 18:15:05,0.0
06/06/2010 18:15:05,0.0
07/06/2010 18:15:05,0.0
08/06/2010 18:15:05,0.0
09/06/2010 18:15:05,0.0
10/06/2010 18:15:05,0.0
11/06/2010 18:15:05,0.0
12/06/2010 18:15:05,0.0
13/06/2010 18:15:05,0.0
14/06/2010 18:15:05,0.0
15/06/2010 18:15:05,0.0
16/06/2010 18:15:05,0.0
17/06/2010 18:15:05,0.0
18/06/2010 18:15:05,0.0
19/06/2010 18:15:05,0.0
20/06/2010 18:15:05,0.0
21/06/2010 18:15:05,0.0
22/06/2010 18:15:05,0.0
23/06/2010 18:15:05,0.0
24/06/2010 18:15:05,0.0
25/06/2010 18:15:05,0.0
26/06/2010 18:15:05,0.0
27/06/2010 18:15:05,0.0
28/06/2010 18:15:05,0.0
29/06/2010 18:15:05,0.0
30/06/2010 18:15:05,0.0
01/07/2010 18:15:05,0.0
02/07/2010 18:15:05,0.0
03/07/2010 18:15:05,0.0
04/07/2010 18:15:05,0.0
05/07/2010 18:15:05,0.0
06/07/2010 18:15:05,0.0
07/07/2010 18:15:05,0.0
08/07/2010 18:15:05,0.0
09/07/2010 18:15:05,0.0
10/07/2010 18:15:05,0.0
11/07/2010 18:15:05,0.0
12/07/2010 18:15:05,0.0
13/07/2010 18:15:05,0.0
14/07/2010 18:15:05,0.0
15/07/2010 18:15:05,0.0
16/07/2010 18:15:05,0.0
17/07/2010 18:15:05,0.0
18/07/2010 18:15:05,0.0
19/07/2010 18:15:05,0.0
20/07/2010 18:15:05,0.0
21/07/2010 18:15:05,0.0
22/07/2010 18:15:05,0.0
23/07/2010 18:15:05,0.0
24/07/2010 18:15:05,0.0
25/07/2010 18:15:05,0.0
26/07/2010 18:15:05,0.0
27/07/2010 18:15:05,0.0
28/07/2010 18:15:05,0.0
29/07/2010 18:15:05,0.0
30/07/2010 18:15:05,0.0
31/07/2010 18:15:05,0.0
01/08/2010 18:15:05,0.0
02/08/2010 18:15:05,0.0
03/08/2010 18:15:05,0.0
04/08/2010 18:15:05,0.0
05/08/2010 18:15:05,0.0
06/08/2010 18:15:05,0.0
07/08/2010 18:15:05,0.0
08/08/2010 18:15:05,0.0
09/08/2010 18:15:05,0.0
10/08/2010 18:15:05,0.0
11/08/2010 18:15:05,0.0
12/08/2010 18:15:05,0.0
13/08/2010 18:15:05,0.0
14/08/2010 18:15:05,0.0
15/08/2010 18:15:05,0.0
16/08/2010 18:15:05,0.0
17/08/2010 18:15:05,0.0
18/08/2010 18:15:05,0.0
19/08/2010 18:15:05,0.0
20/08/2010 18:15:05,0.0
21/08/2010 18:15:05,0.0
22/08/2010 18:15:05,0.0
23/08/2010 18:15:05,0.0
24/08/2010 18:15:05,0.0
25/08/2010 18:15:05,0.0
26/08/2010 18:15:05,0.0
27/08/2010 18:15:05,0.0
28/08/2010 18:15:05,0.0
29/08/2010 18:15:05,0.0
30/08/2010 18:15:05,0.0
31/08/2010 18:15:05,0.0
01/09/2010 18:15:05,0.0
02/09/2010 18:15:05,0.0
03/09/2010 18:15:05,0.0
04/09/2010 18:15:05,0.0
05/09/2010 18:15:05,0.0
06/09/2010 18:15:05,0.0
07/09/2010 18:15:05,0.0
08/09/2010 18:15:05,0.0
09/09/2010 18:15:05,0.0
10/09/2010 18:15:05,0.0
11/09/2010 18:15:05,0.0
12/09/2010 18:15:05,0.0
13/09/2010 18:15:05,0.0
14/09/2010 18:15:05,0.0
15/09/2010 18:15:05,0.0
16/09/2010 18:15:05,0.0
17/09/2010 18:15:05,0.0
18/09/2010 18:15:05,0.0
19/09/2010 18:15:05,0.0
20/09/2010 18:15:05,0.0
21/09/2010 18:15:05,0.0
22/09/2010 18:15:05,0.0
23/09/2010 18:15:05,0.0
24/09/2010 18:15:05,0.0
25/09/2010 18:15:05,0.0
26/09/2010 18:15:05,0.0
27/09/2010 18:15:05,0.0
28/09/2010 18:15:05,0.0
29/09/2010 18:15:05,0.0
30/09/2010 18:15:05,0.0
01/10/2010 18:15:05,0.0
02/10/2010 18:15:05,0.0
03/10/2010 18:15:05,0.0
04/10/2010 18:15:05,0.0
05/10/2010 18:15:05,0.0
06/10/2010 18:15:05,0.0
07/10/2010 18:15:05,0.0
08/10/2010 18:15:05,0.0
09/10/2010 18:15:05,0.0
10/10/2010 18:15:05,0.0
11/10/2010 18:15:05,0.0
12/10/2010 18:15:05,0.0
13/10/2010 18:15:05,0.0
14/10/2010 18:15:05,0.0
15/10/2010 18:15:05,0.0
16/10/2010 18:15:05,0.0
17/10/2010 18:15:05,0.0
18/10/2010 18:15:05,0.0
19/10/2010 18:15:05,0.0
20/10/2010 18:15:05,0.0
21/10/2010 18:15:05,0.0
22/10/2010 18:15:05,0.0
23/10/2010 18:15:05,0.0
24/10/2010 18:15:05,0.0
25/10/2010 18:15:05,0.0
26/10/2010 18:15:05,0.0
27/10/2010 18:15:05,0.0
28/10/2010 18:15:05,0.0
29/10/2010 18:15:05,0.0
30/10/2010 18:15:05,0.0
31/10/2010 18:15:05,0.0
01/11/2010 18:15:05,0.0
02/11/2010 18:15:05,0.0
03/11/2010 18:15:05,0.0
04/11/2010 18:15:05,0.0
05/11/2010 18:15:05,0.0
06/11/2010 18:15:05,0.0
07/11/2010 18:15:05,0.0
08/11/2010 18:15:05,0.0
09/11/2010 18:15:05,0.0
10/11/2010 18:15:05,0.0
11/11/2010 18:15:05,0.0
12/11/2010 18:15:05,0.0
13/11/2010 18:15:05,0.0
14/11/2010 18:15:05,0.0
15/11/2010 18:15:05,0.0
16/11/2010 18:15:05,0.0
17/11/2010 18:15:05,0.0
18/11/2010 18:15:05,0.0
19/11/2010 18:15:05,0.0
20/11/2010 18:15:05,0.0
21/11/2010 18:15:05,0.0
22/11/2010 18:15:05,0.0
23/11/2010 18:15:05,0.0
24/11/2010 18:15:05,0.0
25/11/2010 18:15:05,0.0
26/11/2010 18:15:05,0.0
27/11/2010 18:15:05,0.0
28/11/2010 18:15:05,0.0
29/11/2010 18:15:05,0.0
30/11/2010 18:15:05,0.0
01/12/2010 18:15:05,0.0
02/12/2010 18:15:05,0.0
03/12/2010 18:15:05,0.0
04/12/2010 18:15:05,0.0
05/12/2010 18:15:05,0.0
06/12/2010 18:15:05,0.0
07/12/2010 18:15:05,0.0
08/12/2010 18:15:05,0.0
09/12/2010 18:15:05,0.0
10/12/2010 18:15:05,0.0
11/12/2010 18:15:05,0.0
12/12/2010 18:15:05,0.0
13/12/2010 18:15:05,0.0
14/12/2010 18:15:05,0.0
15/12/2010 18:15:05,0.0
16/12/2010 18:15:05,0.0
17/12/2010 18:15:05,0.0
18/12/2010 18:15:05,0.0
19/12/2010 18:15:05,0.0
20/12/2010 18:15:05,0.0
21/12/2010 18:15:05,0.0
22/12/2010 18:15:05,0.0
23/12/2010 18:15:05,0.0
24/12/2010 18:15:05,0.0
25/12/2010 18:15:05,0.0
26/12/2010 18:15:05,0.0
27/12/2010 18:15:05,0.0
28/12/2010 18:15:05,0.0
29/12/2010 18:15:05,0.0
30/12/2010 18:15:05,0.0
31/12/2010 18:15:05,0.0
01/01/2011 18:15:05,0.0
02/01/2011 18:15:05,0.0
03/01/2011 18:15:05,0.0
04/01/2011 18:15:05,0.0
05/01/2011 18:15:05,0.0
06/01/2011 18:15:05,0.0
07/01/2011 18:15:05,0.0
08/01/2011 18:15:05,0.0
09/01/2011 18:15:05,0.0
10/01/2011 18:15:05,0.0
11/01/2011 18:15:05,0.0
12/01/2011 18:15:05,0.0
13/01/2011 18:15:05,0.0
14/01/2011 18:15:05,0.0
15/01/2011 18:15:05,0.0
16/01/2011 18:15:05,0.0
17/01/2011 18:15:05,0.0
18/01/2011 18:15:05,0.0
19/01/2011 18:15:05,0.0
20/01/2011 18:15:05,0.0
21/01/2011 18:15:05,0.0
22/01/2011 18:15:05,0.0
23/01/2011 18:15:05,0.0
24/01/2011 18:15:05,0.0
25/01/2011 18:15:05,0.0
26/01/2011 18:15:05,0.0
27/01/2011 18:15:05,0.0
28/01/2011 18:15:05,0.0
29/01/2011 18:15:05,0.0
30/01/2011 18:15:05,0.0
31/01/2011 18:15:05,0.0
01/02/2011 18:15:05,0.0
02/02/2011 18:15:05,0.0
03/02/2011 18:15:05,0.0
04/02/2011 18:15:05,0.0
05/02/2011 18:15:05,0.0
06/02/2011 18:15:05,0.0
07/02/2011 18:15:05,0.0
08/02/2011 18:15:05,0.0
09/02/2011 18:15:05,0.0
10/02/2011 18:15:05,0.0
11/02/2011 18:15:05,0.0
12/02/2011 18:15:05,0.0
13/02/2011 18:15:05,0.0
14/02/2011 18:15:05,0.0
15/02/2011 18:15:05,0.0
16/02/2011 18:15:05,0.0
17/02/2011 18:15:05,0.0
18/02/2011 18:15:05,0.0
19/02/2011 18:15:05,0.0
20/02/2011 18:15:05,0.0
21/02/2011 18:15:05,0.0
22/02/2011 18:15:05,0.0
23/02/2011 18:15:05,0.0
24/02/2011 18:15:05,0.0
25/02/2011 18:15:05,0.0
26/02/2011 18:15:05,0.0
27/02/2011 18:15:05,0.0
28/02/2011 18:15:05,0.0
01/03/2011 18:15:05,0.0
02/03/2011 18:15:05,0.0
03/03/2011 18:15:05,0.0
04/03/2011 18:15:05,0.0
05/03/2011 18:15:05,0.0
06/03/2011 18:15:05,0.0
07/03/2011 18:15:05,0.0
08/03/2011 18:15:05,0.0
09/03/2011 18:15:05,0.0
10/03/2011 18:15:05,0.0
11/03/2011 18:15:05,0.0
12/03/2011 18:15:05,0.0
13/03/2011 18:15:05,0.0
14/03/2011 18:15:05,0.0
15/03/2011 18:15:05,0.0
16/03/2011 18:15:05,0.0
17/03/2011 18:15:05,0.0
18/03/2011 18:15:05,0.0
19/03/2011 18:15:05,0.0
20/03/2011 18:15:05,0.0
21/03/2011 18:15:05,0.0
22/03/2011 18:15:05,0.0
23/03/2011 18:15:05,0.0
24/03/2011 18:15:05,0.0
25/03/2011 18:15:05,0.0
26/03/2011 18:15:05,0.0
27/03/2011 18:15:05,0.0
28/03/2011 18:15:05,0.0
29/03/2011 18:15:05,0.0
30/03/2011 18:15:05,0.0
31/03/2011 18:15:05,0.0
01/04/2011 18:15:05,0.0
02/04/2011 18:15:05,0.0
03/04/2011 18:15:05,0.0
04/04/2011 18:15:05,0.0
05/04/2011 18:15:05,0.0
06/04/2011 18:15:05,0.0
07/04/2011 18:15:05,0.0
08/04/2011 18:15:05,0.0
09/04/2011 18:15:05,0.0
10/04/2011 18:15:05,0.0
11/04/2011 18:15:05,0.0
12/04/2011 18:15:05,0.0
13/04/2011 18:15:05,0.0
14/04/2011 18:15:05,0.0
15/04/2011 18:15:05,0.0
16/04/2011 18:15:05,0.0
17/04/2011 18:15:05,0.0
18/04/2011 18:15:05,0.0
19/04/2011 18:15:05,0.0
20/04/2011 18:15:05,0.0
21/04/2011 18:15:05,0.0
22/04/2011 18:15:05,0.0
23/04/2011 18:15:05,0.0
24/04/2011 18:15:05,0.0
25/04/2011 18:15:05,0.0
26/04/2011 18:15:05,0.0
27/04/2011 18:15:05,0.0
28/04/2011 18:15:05,0.0
29/04/2011 18:15:05,0.0
30/04/2011 18:15:05,0.0
01/05/2011 18:15:05,0.0
02/05/2011 18:15:05,0.0
03/05/2011 18:15:05,0.0
04/05/2011 18:15:05,0.0
05/05/2011 18:15:05,0.0
06/05/2011 18:15:05,0.0
07/05/2011 18:15:05,0.0
08/05/2011 18:15:05,0.0
09/05/2011 18:15:05,0.0
10/05/2011 18:15:05,0.0
11/05/2011 18:15:05,0.0
12/05/2011 18:15:05,0.0
13/05/2011 18:15:05,0.0
14/05/2011 18:15:05,0.0
15/05/2011 18:15:05,0.0
16/05/2011 18:15:05,0.0
17/05/2011 18:15:05,0.0
18/05/2011 18:15:05,0.0
19/05/2011 18:15:05,0.0
20/05/2011 18:15:05,0.0
21/05/2011 18:15:05,0.0
22/05/2011 18:15:05,0.0
23/05/2011 18:15:05,0.0
24/05/2011 18:15:05,0.0
25/05/2011 18:15:05,0.0
26/05/2011 18:15:05,0.0
27/05/2011 18:15:05,0.0
28/05/2011 18:15:05,0.0
29/05/2011 18:15:05,0.0
30/05/2011 18:15:05,0.0
31/05/2011 18:15:05,0.0
01/06/2011 18:15:05,0.0
02/06/2011 18:15:05,0.0
03/06/2011 18:15:05,0.0
04/06/2011 18:15:05,0.0
05/06/2011 18:15:05,0.0
06/06/2011 18:15:05,0.0
07/06/2011 18:15:05,0.0
08/06/2011 18:15:05,0.0
09/06/2011 18:15:05,0.0
10/06/2011 18:15:05,0.0
11/06/2011 18:15:05,0.0
12/06/2011 18:15:05,0.0
13/06/2011 18:15:05,0.0
14/06/2011 18:15:05,0.0
15/06/2011 18:15:05,0.0
16/06/2011 18:15:05,0.0
17/06/2011 18:15:05,0.0
18/06/2011 18:15:05,0.0
19/06/2011 18:15:05,0.0
20/06/2011 18:15:05,0.0
21/06/2011 18:15:05,0.0
22/06/2011 18:15:05,0.0
23/06/2011 18:15:05,0.0
24/06/2011 18:15:05,0.0
25/06/2011 18:15:05,0.0
26/06/2011 18:15:05,0.0
27/06/2011 18:15:05,0.0
28/06/2011 18:15:05,0.0
29/06/2011 18:15:05,0.0
30/06/2011 18:15:05,0.0
01/07/2011 18:15:05,0.0
02/07/2011 18:15:05,0.0
03/07/2011 18:15:05,0.0
04/07/2011 18:15:05,0.0
05/07/2011 18:15:05,0.0
06/07/2011 18:15:05,0.0
07/07/2011 18:15:05,0.0
08/07/2011 18:15:05,0.0
09/07/2011 18:15:05,0.0
10/07/2011 18:15:05,0.0
11/07/2011 18:15:05,0.0
12/07/2011 18:15:05,0.0
13/07/2011 18:15:05,0.0
14/07/2011 18:15:05,0.0
15/07/2011 18:15:05,0.0
16/07/2011 18:15:05,0.0
17/07/2011 18:15:05,0.0
18/07/2011 18:15:05,0.0
19/07/2011 18:15:05,0.0
20/07/2011 18:15:05,0.0
21/07/2011 18:15:05,0.0
22/07/2011 18:15:05,0.0
23/07/2011 18:15:05,0.0
24/07/2011 18:15:05,0.0
25/07/2011 18:15:05,0.0
26/07/2011 18:15:05,0.0
27/07/2011 18:15:05,0.0
28/07/2011 18:15:05,0.0
29/07/2011 18:15:05,0.0
30/07/2011 18:15:05,0.0
31/07/2011 18:15:05,0.0
01/08/2011 18:15:05,0.0
02/08/2011 18:15:05,0.0
03/08/2011 18:15:05,0.0
04/08/2011 18:15:05,0.0
05/08/2011 18:15:05,0.0
06/08/2011 18:15:05,0.0
07/08/2011 18:15:05,0.0
08/08/2011 18:15:05,0.0
09/08/2011 18:15:05,0.0
10/08/2011 18:15:05,0.0
11/08/2011 18:15:05,0.0
12/08/2011 18:15:05,0.0
13/08/2011 18:15:05,0.0
14/08/2011 18:15:05,0.0
15/08/2011 18:15:05,0.0
16/08/2011 18:15:05,0.0
17/08/2011 18:15:05,0.0
18/08/2011 18:15:05,0.0
19/08/2011 18:15:05,0.0
20/08/2011 18:15:05,0.0
21/08/2011 18:15:05,0.0
22/08/2011 18:15:05,0.0
23/08/2011 18:15:05,0.0
24/08/2011 18:15:05,0.0
25/08/2011 18:15:05,0.0
26/08/2011 18:15:05,0.0
27/08/2011 18:15:05,0.0
28/08/2011 18:15:05,0.0
29/08/2011 18:15:05,0.0
30/08/2011 18:15:05,0.0
31/08/2011 18:15:05,0.0
01/09/2011 18:15:05,0.0
02/09/2011 18:15:05,0.0
03/09/2011 18:15:05,0.0
04/09/2011 18:15:05,0.0
05/09/2011 18:15:05,0.0
06/09/2011 18:15:05,0.0
07/09/2011 18:15:05,0.0
08/09/2011 18:15:05,0.0
09/09/2011 18:15:05,0.0
10/09/2011 18:15:05,0.0
11/09/2011 18:15:05,0.0
12/09/2011 18:15:05,0.0
13/09/2011 18:15:05,0.0
14/09/2011 18:15:05,0.0
15/09/2011 18:15:05,0.0
16/09/2011 18:15:05,0.0
17/09/2011 18:15:05,0.0
18/09/2011 18:15:05,0.0
19/09/2011 18:15:05,0.0
20/09/2011 18:15:05,0.0
21/09/2011 18:15:05,0.0
22/09/2011 18:15:05,0.0
23/09/2011 18:15:05,0.0
24/09/2011 18:15:05,0.0
25/09/2011 18:15:05,0.0
26/09/2011 18:15:05,0.0
27/09/2011 18:15:05,0.0
28/09/2011 18:15:05,0.0
29/09/2011 18:15:05,0.0
30/09/2011 18:15:05,0.0
01/10/2011 18:15:05,0.0
02/10/2011 18:15:05,0.0
03/10/2011 18:15:05,0.0
04/10/2011 18:15:05,0.0
05/10/2011 18:15:05,0.0
06/10/2011 18:15:05,0.0
07/10/2011 18:15:05,0.0
08/10/2011 18:15:05,0.0
09/10/2011 18:15:05,0.0
10/10/2011 18:15:05,0.0
11/10/2011 18:15:05,0.0
12/10/2011 18:15:05,0.0
13/10/2011 18:15:05,0.0
14/10/2011 18:15:05,0.0
15/10/2011 18:15:05,0.0
16/10/2011 18:15:05,0.0
17/10/2011 18:15:05,0.0
18/10/2011 18:15:05,0.0
19/10/2011 18:15:05,0.0
20/10/2011 18:15:05,0.0
21/10/2011 18:15:05,0.0
22/10/2011 18:15:05,0.0
23/10/2011 18:15:05,0.0
24/10/2011 18:15:05,0.0
25/10/2011 18:15:05,0.0
26/10/2011 18:15:05,0.0
27/10/2011 18:15:05,0.0
28/10/2011 18:15:05,0.0
29/10/2011 18:15:05,0.0
30/10/2011 18:15:05,0.0
31/10/2011 18:15:05,0.0
01/11/2011 18:15:05,0.0
02/11/2011 18:15:05,0.0
03/11/2011 18:15:05,0.0
04/11/2011 18:15:05,0.0
05/11/2011 18:15:05,0.0
06/11/2011 18:15:05,0.0
07/11/2011 18:15:05,0.0
08/11/2011 18:15:05,0.0
09/11/2011 18:15:05,0.0
10/11/2011 18:15:05,0.0
11/11/2011 18:15:05,0.0
12/11/2011 18:15:05,0.0
13/11/2011 18:15:05,0.0
14/11/2011 18:15:05,0.0
15/11/2011 18:15:05,0.0
16/11/2011 18:15:05,0.0
17/11/2011 18:15:05,0.0
18/11/2011 18:15:05,0.0
19/11/2011 18:15:05,0.0
20/11/2011 18:15:05,0.0
21/11/2011 18:15:05,0.0
22/11/2011 18:15:05,0.0
23/11/2011 18:15:05,0.0
24/11/2011 18:15:05,0.0
25/11/2011 18:15:05,0.0
26/11/2011 18:15:05,0.0
27/11/2011 18:15:05,0.0
28/11/2011 18:15:05,0.0
29/11/2011 18:15:05,0.0
30/11/2011 18:15:05,0.0
01/12/2011 18:15:05,0.0
02/12/2011 18:15:05,11.066666666666666
03/12/2011 18:15:05,12.783333333333333
04/12/2011 18:15:05,16.016666666666666
05/12/2011 18:15:05,13.366666666666667
06/12/2011 18:15:05,15.183333333333334
07/12/2011 18:15:05,14.0
08/12/2011 18:15:05,14.016666666666667
09/12/2011 18:15:05,10.266666666666667
10/12/2011 18:15:05,13.933333333333334
11/12/2011 18:15:05,13.25
12/12/2011 18:15:05,10.433333333333334
13/12/2011 18:15:05,15.616666666666667
14/12/2011 18:15:05,17.05
15/12/2011 18:15:05,14.766666666666667
16/12/2011 18:15:05,11.883333333333333
17/12/2011 18:15:05,10.483333333333333
18/12/2011 18:15:05,9.233333333333333
19/12/2011 18:15:05,16.033333333333335
20/12/2011 18:15:05,14.9
21/12/2011 18:15:05,12.483333333333333
22/12/2011 18:15:05,14.6
23/12/2011 18:15:05,13.233333333333333
24/12/2011 18:15:05,15.366666666666667
25/12/2011 18:15:05,13.033333333333333
26/12/2011 18:15:05,12.533333333333333
27/12/2011 18:15:05,13.833333333333334
28/12/2011 18:15:05,13.166666666666666
29/12/2011 18:15:05,14.966666666666667
30/12/2011 18:15:05,13.9
31/12/2011 18:15:05,12.133333333333333
01/01/2012 18:15:05,15.05
02/01/2012 18:15:05,15.566666666666666
03/01/2012 18:15:05,13.183333333333334
04/01/2012 18:15:05,13.616666666666667
05/01/2012 18:15:05,14.116666666666667
06/01/2012 18:15:05,10.133333333333333
07/01/2012 18:15:05,12.316666666666666
08/01/2012 18:15:05,14.016666666666667
09/01/2012 18:15:05,12.616666666666667
10/01/2012 18:15:05,13.45
11/01/2012 18:15:05,13.016666666666667
12/01/2012 18:15:05,13.333333333333334
13/01/2012 18:15:05,14.366666666666667
14/01/2012 18:15:05,12.233333333333333
15/01/2012 18:15:05,13.116666666666667
16/01/2012 18:15:05,13.05
17/01/2012 18:15:05,11.75
18/01/2012 18:15:05,12.783333333333333
19/01/2012 18:15:05,13.516666666666667
20/01/2012 18:15:05,12.866666666666667
21/01/2012 18:15:05,11.05
22/01/2012 18:15:05,14.316666666666666
23/01/2012 18:15:05,12.9
24/01/2012 18:15:05,11.983333333333333
25/01/2012 18:15:05,11.683333333333334
26/01/2012 18:15:05,15.233333333333333
27/01/2012 18:15:05,13.283333333333333
28/01/2012 18:15:05,10.316666666666666
29/01/2012 18:15:05,13.766666666666667
30/01/2012 18:15:05,12.0
31/01/2012 18:15:05,11.083333333333334
01/02/2012 18:15:05,17.033333333333335
02/02/2012 18:15:05,12.433333333333334
03/02/2012 18:15:05,12.65
04/02/2012 18:15:05,11.633333333333333
05/02/2012 18:15:05,16.483333333333334
06/02/2012 18:15:05,12.733333333333333
07/02/2012 18:15:05,13.866666666666667
08/02/2012 18:15:05,15.116666666666667
09/02/2012 18:15:05,13.216666666666667
10/02/2012 18:15:05,10.566666666666666
11/02/2012 18:15:05,12.6
12/02/2012 18:15:05,10.95
13/02/2012 18:15:05,10.6
14/02/2012 18:15:05,9.616666666666667
15/02/2012 18:15:05,12.15
16/02/2012 18:15:05,12.383333333333333
17/02/2012 18:15:05,13.316666666666666
18/02/2012 18:15:05,12.083333333333334
19/02/2012 18:15:05,12.383333333333333
20/02/2012 18:15:05,12.183333333333334
21/02/2012 18:15:05,15.55
22/02/2012 18:15:05,12.05
23/02/2012 18:15:05,12.983333333333333
24/02/2012 18:15:05,6.9
25/02/2012 18:15:05,8.316666666666666
26/02/2012 18:15:05,10.1
27/02/2012 18:15:05,9.333333333333334
28/02/2012 18:15:05,9.733333333333333
29/02/2012 18:15:05,7.591666666666667
01/03/2012 18:15:05,7.9
02/03/2012 18:15:05,12.091666666666667
03/03/2012 18:15:05,10.458333333333334
04/03/2012 18:15:05,8.391666666666667
05/03/2012 18:15:05,10.066666666666666
06/03/2012 18:15:05,9.516666666666667
07/03/2012 18:15:05,11.366666666666667
08/03/2012 18:15:05,9.45
09/03/2012 18:15:05,8.716666666666667
10/03/2012 18:15:05,10.408333333333333
11/03/2012 18:15:05,10.866666666666667
12/03/2012 18:15:05,8.516666666666667
13/03/2012 18:15:05,9.958333333333334
14/03/2012 18:15:05,10.283333333333333
15/03/2012 18:15:05,10.95
16/03/2012 18:15:05,9.266666666666667
17/03/2012 18:15:05,9.666666666666666
18/03/2012 18:15:05,8.933333333333334
19/03/2012 18:15:05,9.516666666666667
20/03/2012 18:15:05,9.466666666666667
21/03/2012 18:15:05,8.65
22/03/2012 18:15:05,9.3
23/03/2012 18:15:05,10.866666666666667
24/03/2012 18:15:05,8.116666666666667
25/03/2012 18:15:05,8.558333333333334
26/03/2012 18:15:05,9.341666666666667
27/03/2012 18:15:05,8.916666666666666
28/03/2012 18:15:05,9.9
29/03/2012 18:15:05,9.566666666666666
30/03/2012 18:15:05,8.516666666666667
31/03/2012 18:15:05,8.316666666666666
01/04/2012 18:15:05,8.975
02/04/2012 18:15:05,10.516666666666667
03/04/2012 18:15:05,10.033333333333333
04/04/2012 18:15:05,10.733333333333333
05/04/2012 18:15:05,10.1
06/04/2012 18:15:05,11.183333333333334
07/04/2012 18:15:05,9.875
08/04/2012 18:15:05,8.641666666666667
09/04/2012 18:15:05,8.9
10/04/2012 18:15:05,8.833333333333334
11/04/2012 18:15:05,8.683333333333334
12/04/2012 18:15:05,10.533333333333333
13/04/2012 18:15:05,10.583333333333334
14/04/2012 18:15:05,9.783333333333333
15/04/2012 18:15:05,11.258333333333333
16/04/2012 18:15:05,10.016666666666667
17/04/2012 18:15:05,9.1
18/04/2012 18:15:05,10.8
19/04/2012 18:15:05,8.55
20/04/2012 18:15:05,8.116666666666667
21/04/2012 18:15:05,9.0
22/04/2012 18:15:05,9.258333333333333
23/04/2012 18:15:05,8.966666666666667
24/04/2012 18:15:05,10.733333333333333
25/04/2012 18:15:05,10.183333333333334
26/04/2012 18:15:05,13.6
27/04/2012 18:15:05,10.8
28/04/2012 18:15:05,8.966666666666667
29/04/2012 18:15:05,8.8
30/04/2012 18:15:05,8.633333333333333
01/05/2012 18:15:05,11.633333333333333
02/05/2012 18:15:05,12.383333333333333
03/05/2012 18:15:05,8.558333333333334
04/05/2012 18:15:05,8.866666666666667
05/05/2012 18:15:05,9.666666666666666
06/05/2012 18:15:05,9.716666666666667
07/05/2012 18:15:05,9.283333333333333
08/05/2012 18:15:05,7.683333333333334
09/05/2012 18:15:05,8.65
10/05/2012 18:15:05,10.033333333333333
11/05/2012 18:15:05,12.833333333333334
12/05/2012 18:15:05,9.083333333333334
13/05/2012 18:15:05,9.716666666666667
14/05/2012 18:15:05,12.1
15/05/2012 18:15:05,11.9
16/05/2012 18:15:05,12.65
17/05/2012 18:15:05,11.816666666666666
18/05/2012 18:15:05,10.416666666666666
19/05/2012 18:15:05,10.875
20/05/2012 18:15:05,11.166666666666666
21/05/2012 18:15:05,11.216666666666667
22/05/2012 18:15:05,15.383333333333333
23/05/2012 18:15:05,15.616666666666667
24/05/2012 18:15:05,13.583333333333334
25/05/2012 18:15:05,14.75
26/05/2012 18:15:05,13.016666666666667
27/05/2012 18:15:05,9.883333333333333
28/05/2012 18:15:05,11.15
29/05/2012 18:15:05,11.883333333333333
30/05/2012 18:15:05,13.55
31/05/2012 18:15:05,10.216666666666667
01/06/2012 18:15:05,9.616666666666667
02/06/2012 18:15:05,10.483333333333333
03/06/2012 18:15:05,10.583333333333334
04/06/2012 18:15:05,12.516666666666667
05/06/2012 18:15:05,14.966666666666667
06/06/2012 18:15:05,8.983333333333333
07/06/2012 18:15:05,14.1
08/06/2012 18:15:05,12.883333333333333
09/06/2012 18:15:05,9.433333333333334
10/06/2012 18:15:05,10.7
11/06/2012 18:15:05,11.15
12/06/2012 18:15:05,12.433333333333334
13/06/2012 18:15:05,15.133333333333333
14/06/2012 18:15:05,18.65
15/06/2012 18:15:05,16.033333333333335
16/06/2012 18:15:05,15.133333333333333
17/06/2012 18:15:05,10.8
18/06/2012 18:15:05,13.133333333333333
19/06/2012 18:15:05,11.683333333333334
20/06/2012 18:15:05,15.516666666666667
21/06/2012 18:15:05,13.15
22/06/2012 18:15:05,12.066666666666666
23/06/2012 18:15:05,10.666666666666666
24/06/2012 18:15:05,13.45
25/06/2012 18:15:05,12.933333333333334
26/06/2012 18:15:05,14.483333333333333
27/06/2012 18:15:05,11.166666666666666
28/06/2012 18:15:05,13.7
29/06/2012 18:15:05,13.183333333333334
30/06/2012 18:15:05,13.0
01/07/2012 18:15:05,15.266666666666667
02/07/2012 18:15:05,10.333333333333334
03/07/2012 18:15:05,11.733333333333333
04/07/2012 18:15:05,11.575
05/07/2012 18:15:05,12.883333333333333
06/07/2012 18:15:05,10.516666666666667
07/07/2012 18:15:05,11.383333333333333
08/07/2012 18:15:05,11.366666666666667
09/07/2012 18:15:05,11.083333333333334
10/07/2012 18:15:05,14.433333333333334
11/07/2012 18:15:05,13.166666666666666
12/07/2012 18:15:05,12.125
13/07/2012 18:15:05,10.766666666666667
14/07/2012 18:15:05,13.5
15/07/2012 18:15:05,13.466666666666667
16/07/2012 18:15:05,11.833333333333334
17/07/2012 18:15:05,11.3
18/07/2012 18:15:05,12.883333333333333
19/07/2012 18:15:05,12.033333333333333
20/07/2012 18:15:05,13.383333333333333
21/07/2012 18:15:05,11.45
22/07/2012 18:15:05,11.433333333333334
23/07/2012 18:15:05,10.216666666666667
24/07/2012 18:15:05,11.633333333333333
25/07/2012 18:15:05,10.566666666666666
26/07/2012 18:15:05,12.166666666666666
27/07/2012 18:15:05,10.433333333333334
28/07/2012 18:15:05,10.066666666666666
29/07/2012 18:15:05,11.966666666666667
30/07/2012 18:15:05,10.55
31/07/2012 18:15:05,13.8
01/08/2012 18:15:05,13.141666666666667
02/08/2012 18:15:05,11.783333333333333
03/08/2012 18:15:05,9.491666666666667
04/08/2012 18:15:05,12.316666666666666
05/08/2012 18:15:05,12.05
06/08/2012 18:15:05,15.383333333333333
07/08/2012 18:15:05,11.65
08/08/2012 18:15:05,9.733333333333333
09/08/2012 18:15:05,11.583333333333334
10/08/2012 18:15:05,9.033333333333333
11/08/2012 18:15:05,12.6
12/08/2012 18:15:05,11.266666666666667
13/08/2012 18:15:05,12.066666666666666
14/08/2012 18:15:05,11.616666666666667
15/08/2012 18:15:05,14.916666666666666
16/08/2012 18:15:05,13.416666666666666
17/08/2012 18:15:05,11.783333333333333
18/08/2012 18:15:05,13.45
19/08/2012 18:15:05,12.6
20/08/2012 18:15:05,9.516666666666667
21/08/2012 18:15:05,9.6
22/08/2012 18:15:05,11.183333333333334
23/08/2012 18:15:05,9.45
24/08/2012 18:15:05,9.933333333333334
25/08/2012 18:15:05,14.133333333333333
26/08/2012 18:15:05,10.233333333333333
27/08/2012 18:15:05,11.033333333333333
28/08/2012 18:15:05,12.916666666666666
29/08/2012 18:15:05,9.566666666666666
30/08/2012 18:15:05,11.008333333333333
31/08/2012 18:15:05,11.283333333333333
01/09/2012 18:15:05,10.083333333333334
02/09/2012 18:15:05,8.75
03/09/2012 18:15:05,9.166666666666666
04/09/2012 18:15:05,12.283333333333333
05/09/2012 18:15:05,9.366666666666667
06/09/2012 18:15:05,8.133333333333333
07/09/2012 18:15:05,9.0
08/09/2012 18:15:05,12.75
09/09/2012 18:15:05,10.55
10/09/2012 18:15:05,13.133333333333333
11/09/2012 18:15:05,10.866666666666667
12/09/2012 18:15:05,13.166666666666666
13/09/2012 18:15:05,10.783333333333333
14/09/2012 18:15:05,9.166666666666666
15/09/2012 18:15:05,12.15
16/09/2012 18:15:05,10.2
17/09/2012 18:15:05,9.733333333333333
18/09/2012 18:15:05,10.266666666666667
19/09/2012 18:15:05,10.15
20/09/2012 18:15:05,12.283333333333333
21/09/2012 18:15:05,9.216666666666667
22/09/2012 18:15:05,9.116666666666667
23/09/2012 18:15:05,9.833333333333334
24/09/2012 18:15:05,11.183333333333334
25/09/2012 18:15:05,9.391666666666667
26/09/2012 18:15:05,11.65
27/09/2012 18:15:05,10.883333333333333
28/09/2012 18:15:05,10.766666666666667
29/09/2012 18:15:05,11.116666666666667
30/09/2012 18:15:05,11.325
01/10/2012 18:15:05,10.116666666666667
02/10/2012 18:15:05,11.466666666666667
03/10/2012 18:15:05,10.766666666666667
04/10/2012 18:15:05,12.866666666666667
05/10/2012 18:15:05,10.1
06/10/2012 18:15:05,10.55
07/10/2012 18:15:05,10.7
08/10/2012 18:15:05,11.333333333333334
09/10/2012 18:15:05,12.083333333333334
10/10/2012 18:15:05,10.6
11/10/2012 18:15:05,12.716666666666667
12/10/2012 18:15:05,10.483333333333333
13/10/2012 18:15:05,11.283333333333333
14/10/2012 18:15:05,11.066666666666666
15/10/2012 18:15:05,10.75
16/10/2012 18:15:05,10.7
17/10/2012 18:15:05,12.016666666666667
18/10/2012 18:15:05,9.966666666666667
19/10/2012 18:15:05,9.95
20/10/2012 18:15:05,10.733333333333333
21/10/2012 18:15:05,10.1
22/10/2012 18:15:05,10.0
23/10/2012 18:15:05,14.483333333333333
24/10/2012 18:15:05,10.466666666666667
25/10/2012 18:15:05,10.566666666666666
26/10/2012 18:15:05,9.483333333333333
27/10/2012 18:15:05,8.766666666666667
28/10/2012 18:15:05,8.833333333333334
29/10/2012 18:15:05,9.8
30/10/2012 18:15:05,9.816666666666666
31/10/2012 18:15:05,12.7
01/11/2012 18:15:05,11.716666666666667
02/11/2012 18:15:05,11.366666666666667
03/11/2012 18:15:05,10.733333333333333
04/11/2012 18:15:05,9.866666666666667
05/11/2012 18:15:05,9.416666666666666
06/11/2012 18:15:05,11.866666666666667
07/11/2012 18:15:05,9.766666666666667
08/11/2012 18:15:05,9.883333333333333
09/11/2012 18:15:05,12.05
10/11/2012 18:15:05,9.166666666666666
11/11/2012 18:15:05,14.216666666666667
12/11/2012 18:15:05,10.516666666666667
13/11/2012 18:15:05,10.916666666666666
14/11/2012 18:15:05,10.916666666666666
15/11/2012 18:15:05,12.283333333333333
16/11/2012 18:15:05,11.466666666666667
17/11/2012 18:15:05,11.983333333333333
18/11/2012 18:15:05,9.016666666666667
19/11/2012 18:15:05,12.2
20/11/2012 18:15:05,9.133333333333333
21/11/2012 18:15:05,10.55
22/11/2012 18:15:05,10.766666666666667
23/11/2012 18:15:05,10.083333333333334
24/11/2012 18:15:05,10.566666666666666
25/11/2012 18:15:05,10.766666666666667
26/11/2012 18:15:05,9.733333333333333
27/11/2012 18:15:05,9.783333333333333
28/11/2012 18:15:05,10.183333333333334
29/11/2012 18:15:05,9.65
30/11/2012 18:15:05,11.208333333333334
01/12/2012 18:15:05,9.45
02/12/2012 18:15:05,8.583333333333334
03/12/2012 18:15:05,9.133333333333333
04/12/2012 18:15:05,14.333333333333334
05/12/2012 18:15:05,12.0
06/12/2012 18:15:05,10.283333333333333
07/12/2012 18:15:05,11.233333333333333
08/12/2012 18:15:05,9.816666666666666
09/12/2012 18:15:05,12.25
10/12/2012 18:15:05,10.716666666666667
11/12/2012 18:15:05,11.033333333333333
12/12/2012 18:15:05,10.433333333333334
13/12/2012 18:15:05,9.916666666666666
14/12/2012 18:15:05,14.766666666666667
15/12/2012 18:15:05,11.3
16/12/2012 18:15:05,11.133333333333333
17/12/2012 18:15:05,12.766666666666667
18/12/2012 18:15:05,11.816666666666666
19/12/2012 18:15:05,9.716666666666667
20/12/2012 18:15:05,12.083333333333334
21/12/2012 18:15:05,11.4
22/12/2012 18:15:05,10.483333333333333
23/12/2012 18:15:05,9.916666666666666
24/12/2012 18:15:05,10.05
25/12/2012 18:15:05,9.966666666666667
26/12/2012 18:15:05,10.516666666666667
27/12/2012 18:15:05,9.25
28/12/2012 18:15:05,8.35
29/12/2012 18:15:05,12.266666666666667
30/12/2012 18:15:05,9.066666666666666
31/12/2012 18:15:05,7.95
01/01/2013 18:15:05,9.35
02/01/2013 18:15:05,8.466666666666667
03/01/2013 18:15:05,8.5
04/01/2013 18:15:05,9.95
05/01/2013 18:15:05,8.8
06/01/2013 18:15:05,9.733333333333333
07/01/2013 18:15:05,8.55
08/01/2013 18:15:05,9.233333333333333
09/01/2013 18:15:05,11.483333333333333
10/01/2013 18:15:05,8.816666666666666
11/01/2013 18:15:05,11.766666666666667
12/01/2013 18:15:05,10.516666666666667
13/01/2013 18:15:05,12.133333333333333
14/01/2013 18:15:05,10.533333333333333
15/01/2013 18:15:05,10.9
16/01/2013 18:15:05,10.5
17/01/2013 18:15:05,10.633333333333333
18/01/2013 18:15:05,11.866666666666667
19/01/2013 18:15:05,9.2
20/01/2013 18:15:05,8.833333333333334
21/01/2013 18:15:05,8.983333333333333
22/01/2013 18:15:05,10.283333333333333
23/01/2013 18:15:05,9.933333333333334
24/01/2013 18:15:05,9.583333333333334
25/01/2013 18:15:05,10.333333333333334
26/01/2013 18:15:05,8.75
27/01/2013 18:15:05,8.983333333333333
28/01/2013 18:15:05,9.166666666666666
29/01/2013 18:15:05,8.916666666666666
30/01/2013 18:15:05,8.966666666666667
31/01/2013 18:15:05,6.666666666666667
01/02/2013 18:15:05,9.116666666666667
02/02/2013 18:15:05,8.966666666666667
03/02/2013 18:15:05,8.966666666666667
04/02/2013 18:15:05,8.65
05/02/2013 18:15:05,9.033333333333333
06/02/2013 18:15:05,9.3
07/02/2013 18:15:05,9.516666666666667
08/02/2013 18:15:05,10.816666666666666
09/02/2013 18:15:05,11.266666666666667
10/02/2013 18:15:05,9.3
11/02/2013 18:15:05,8.883333333333333
12/02/2013 18:15:05,10.783333333333333
13/02/2013 18:15:05,9.466666666666667
14/02/2013 18:15:05,7.5
15/02/2013 18:15:05,8.366666666666667
16/02/2013 18:15:05,7.75
17/02/2013 18:15:05,7.666666666666667
18/02/2013 18:15:05,9.35
19/02/2013 18:15:05,8.05
20/02/2013 18:15:05,8.633333333333333
21/02/2013 18:15:05,7.45
22/02/2013 18:15:05,10.216666666666667
23/02/2013 18:15:05,7.933333333333334
24/02/2013 18:15:05,8.283333333333333
25/02/2013 18:15:05,6.316666666666666
26/02/2013 18:15:05,8.8
27/02/2013 18:15:05,6.5
28/02/2013 18:15:05,8.1
01/03/2013 18:15:05,9.383333333333333
02/03/2013 18:15:05,9.133333333333333
03/03/2013 18:15:05,7.933333333333334
04/03/2013 18:15:05,7.166666666666667
05/03/2013 18:15:05,8.816666666666666
06/03/2013 18:15:05,8.233333333333333
07/03/2013 18:15:05,8.716666666666667
08/03/2013 18:15:05,10.866666666666667
09/03/2013 18:15:05,10.05
10/03/2013 18:15:05,7.166666666666667
11/03/2013 18:15:05,7.533333333333333
12/03/2013 18:15:05,10.033333333333333
13/03/2013 18:15:05,8.616666666666667
14/03/2013 18:15:05,7.633333333333334
15/03/2013 18:15:05,8.416666666666666
16/03/2013 18:15:05,7.433333333333334
17/03/2013 18:15:05,6.116666666666666
18/03/2013 18:15:05,6.866666666666666
19/03/2013 18:15:05,6.433333333333334
20/03/2013 18:15:05,7.0
21/03/2013 18:15:05,5.616666666666666
22/03/2013 18:15:05,6.333333333333333
23/03/2013 18:15:05,6.416666666666667
24/03/2013 18:15:05,5.55
25/03/2013 18:15:05,7.333333333333333
26/03/2013 18:15:05,7.15
27/03/2013 18:15:05,9.316666666666666
28/03/2013 18:15:05,6.516666666666667
29/03/2013 18:15:05,7.016666666666667
30/03/2013 18:15:05,7.566666666666666
31/03/2013 18:15:05,7.983333333333333
01/04/2013 18:15:05,5.983333333333333
02/04/2013 18:15:05,7.55
03/04/2013 18:15:05,6.933333333333334
04/04/2013 18:15:05,7.683333333333334
05/04/2013 18:15:05,7.9
06/04/2013 18:15:05,6.15
07/04/2013 18:15:05,7.5
08/04/2013 18:15:05,6.716666666666667
09/04/2013 18:15:05,7.716666666666667
10/04/2013 18:15:05,7.233333333333333
11/04/2013 18:15:05,7.416666666666667
12/04/2013 18:15:05,7.05
13/04/2013 18:15:05,7.6
14/04/2013 18:15:05,8.133333333333333
15/04/2013 18:15:05,7.25
16/04/2013 18:15:05,7.15
17/04/2013 18:15:05,7.216666666666667
18/04/2013 18:15:05,7.166666666666667
19/04/2013 18:15:05,8.65
20/04/2013 18:15:05,8.266666666666667
21/04/2013 18:15:05,7.216666666666667
22/04/2013 18:15:05,7.7
23/04/2013 18:15:05,7.6
24/04/2013 18:15:05,6.95
25/04/2013 18:15:05,7.733333333333333
26/04/2013 18:15:05,6.716666666666667
27/04/2013 18:15:05,7.566666666666666
28/04/2013 18:15:05,7.533333333333333
29/04/2013 18:15:05,6.716666666666667
30/04/2013 18:15:05,7.925
01/05/2013 18:15:05,8.333333333333334
02/05/2013 18:15:05,8.133333333333333
03/05/2013 18:15:05,8.933333333333334
04/05/2013 18:15:05,7.433333333333334
05/05/2013 18:15:05,8.483333333333333
06/05/2013 18:15:05,6.666666666666667
07/05/2013 18:15:05,6.883333333333334
08/05/2013 18:15:05,8.133333333333333
09/05/2013 18:15:05,7.083333333333333
10/05/2013 18:15:05,6.733333333333333
11/05/2013 18:15:05,7.216666666666667
12/05/2013 18:15:05,6.916666666666667
13/05/2013 18:15:05,6.816666666666666
14/05/2013 18:15:05,8.216666666666667
15/05/2013 18:15:05,8.116666666666667
16/05/2013 18:15:05,8.25
17/05/2013 18:15:05,7.766666666666667
18/05/2013 18:15:05,8.45
19/05/2013 18:15:05,8.75
20/05/2013 18:15:05,9.233333333333333
21/05/2013 18:15:05,8.8
22/05/2013 18:15:05,8.25
23/05/2013 18:15:05,7.833333333333333
24/05/2013 18:15:05,8.05
25/05/2013 18:15:05,7.883333333333334
26/05/2013 18:15:05,9.666666666666666
27/05/2013 18:15:05,8.066666666666666
28/05/2013 18:15:05,7.916666666666667
29/05/2013 18:15:05,8.1
30/05/2013 18:15:05,8.283333333333333
31/05/2013 18:15:05,7.375
01/06/2013 18:15:05,6.883333333333334
02/06/2013 18:15:05,7.1
03/06/2013 18:15:05,6.583333333333333
04/06/2013 18:15:05,6.75
05/06/2013 18:15:05,6.483333333333333
06/06/2013 18:15:05,8.3
07/06/2013 18:15:05,7.783333333333333
08/06/2013 18:15:05,7.05
09/06/2013 18:15:05,7.833333333333333
10/06/2013 18:15:05,7.283333333333333
11/06/2013 18:15:05,7.416666666666667
12/06/2013 18:15:05,6.766666666666667
13/06/2013 18:15:05,6.216666666666667
14/06/2013 18:15:05,7.983333333333333
15/06/2013 18:15:05,7.733333333333333
16/06/2013 18:15:05,6.966666666666667
17/06/2013 18:15:05,8.2
18/06/2013 18:15:05,8.866666666666667
19/06/2013 18:15:05,11.3
20/06/2013 18:15:05,10.7
21/06/2013 18:15:05,9.716666666666667
22/06/2013 18:15:05,8.233333333333333
23/06/2013 18:15:05,8.983333333333333
24/06/2013 18:15:05,10.216666666666667
25/06/2013 18:15:05,8.066666666666666
26/06/2013 18:15:05,7.566666666666666
27/06/2013 18:15:05,8.866666666666667
28/06/2013 18:15:05,7.933333333333334
29/06/2013 18:15:05,8.516666666666667
30/06/2013 18:15:05,9.05
01/07/2013 18:15:05,8.133333333333333
02/07/2013 18:15:05,8.983333333333333
03/07/2013 18:15:05,8.016666666666667
04/07/2013 18:15:05,7.45
05/07/2013 18:15:05,7.633333333333334
06/07/2013 18:15:05,7.166666666666667
07/07/2013 18:15:05,7.133333333333334
08/07/2013 18:15:05,7.183333333333334
09/07/2013 18:15:05,6.333333333333333
10/07/2013 18:15:05,7.9
11/07/2013 18:15:05,7.25
12/07/2013 18:15:05,8.816666666666666
13/07/2013 18:15:05,9.783333333333333
14/07/2013 18:15:05,7.916666666666667
15/07/2013 18:15:05,7.6
16/07/2013 18:15:05,8.516666666666667
17/07/2013 18:15:05,7.783333333333333
18/07/2013 18:15:05,7.283333333333333
19/07/2013 18:15:05,7.65
20/07/2013 18:15:05,7.25
21/07/2013 18:15:05,6.991666666666666
22/07/2013 18:15:05,7.4
23/07/2013 18:15:05,9.55
24/07/2013 18:15:05,8.6
25/07/2013 18:15:05,9.35
26/07/2013 18:15:05,7.2
27/07/2013 18:15:05,7.866666666666666
28/07/2013 18:15:05,7.9
29/07/2013 18:15:05,8.5
30/07/2013 18:15:05,6.666666666666667
31/07/2013 18:15:05,6.6
01/08/2013 18:15:05,6.966666666666667
02/08/2013 18:15:05,6.716666666666667
03/08/2013 18:15:05,7.0
04/08/2013 18:15:05,6.9
05/08/2013 18:15:05,6.8
06/08/2013 18:15:05,6.533333333333333
07/08/2013 18:15:05,6.883333333333334
08/08/2013 18:15:05,6.533333333333333
09/08/2013 18:15:05,6.05
10/08/2013 18:15:05,5.9
11/08/2013 18:15:05,5.483333333333333
12/08/2013 18:15:05,5.5
13/08/2013 18:15:05,6.25
14/08/2013 18:15:05,8.433333333333334
15/08/2013 18:15:05,7.266666666666667
16/08/2013 18:15:05,7.25
17/08/2013 18:15:05,6.116666666666666
18/08/2013 18:15:05,6.133333333333334
19/08/2013 18:15:05,7.1
20/08/2013 18:15:05,6.783333333333333
21/08/2013 18:15:05,5.433333333333334
22/08/2013 18:15:05,5.833333333333333
23/08/2013 18:15:05,5.983333333333333
24/08/2013 18:15:05,5.95
25/08/2013 18:15:05,8.466666666666667
26/08/2013 18:15:05,7.55
27/08/2013 18:15:05,7.5
28/08/2013 18:15:05,7.15
29/08/2013 18:15:05,6.2
30/08/2013 18:15:05,6.183333333333334
31/08/2013 18:15:05,6.95
01/09/2013 18:15:05,5.366666666666666
02/09/2013 18:15:05,4.816666666666666
03/09/2013 18:15:05,6.616666666666666
04/09/2013 18:15:05,6.416666666666667
05/09/2013 18:15:05,7.083333333333333
06/09/2013 18:15:05,5.733333333333333
07/09/2013 18:15:05,7.566666666666666
08/09/2013 18:15:05,7.933333333333334
09/09/2013 18:15:05,6.3
10/09/2013 18:15:05,7.0
11/09/2013 18:15:05,5.75
12/09/2013 18:15:05,5.483333333333333
13/09/2013 18:15:05,5.7
14/09/2013 18:15:05,5.6
15/09/2013 18:15:05,6.416666666666667
16/09/2013 18:15:05,7.083333333333333
17/09/2013 18:15:05,7.283333333333333
18/09/2013 18:15:05,8.483333333333333
19/09/2013 18:15:05,6.133333333333334
20/09/2013 18:15:05,6.066666666666666
21/09/2013 18:15:05,6.1
22/09/2013 18:15:05,5.75
23/09/2013 18:15:05,5.283333333333333
24/09/2013 18:15:05,6.133333333333334
25/09/2013 18:15:05,5.85
26/09/2013 18:15:05,7.233333333333333
27/09/2013 18:15:05,7.116666666666666
28/09/2013 18:15:05,7.216666666666667
29/09/2013 18:15:05,6.366666666666666
30/09/2013 18:15:05,6.483333333333333
01/10/2013 18:15:05,6.25
02/10/2013 18:15:05,6.9
03/10/2013 18:15:05,6.266666666666667
04/10/2013 18:15:05,7.133333333333334
05/10/2013 18:15:05,6.25
06/10/2013 18:15:05,5.516666666666667
07/10/2013 18:15:05,7.4
08/10/2013 18:15:05,6.916666666666667
09/10/2013 18:15:05,6.483333333333333
10/10/2013 18:15:05,5.716666666666667
11/10/2013 18:15:05,6.933333333333334
12/10/2013 18:15:05,5.933333333333334
13/10/2013 18:15:05,4.8
14/10/2013 18:15:05,4.616666666666666
15/10/2013 18:15:05,5.1
16/10/2013 18:15:05,5.483333333333333
17/10/2013 18:15:05,6.6
18/10/2013 18:15:05,6.808333333333334
19/10/2013 18:15:05,5.85
20/10/2013 18:15:05,5.683333333333334
21/10/2013 18:15:05,6.233333333333333
22/10/2013 18:15:05,4.933333333333334
23/10/2013 18:15:05,6.133333333333334
24/10/2013 18:15:05,6.15
25/10/2013 18:15:05,5.616666666666666
26/10/2013 18:15:05,6.5
27/10/2013 18:15:05,7.466666666666667
28/10/2013 18:15:05,6.95
29/10/2013 18:15:05,7.316666666666666
30/10/2013 18:15:05,5.8
31/10/2013 18:15:05,5.85
01/11/2013 18:15:05,6.566666666666666
02/11/2013 18:15:05,5.933333333333334
03/11/2013 18:15:05,7.05
04/11/2013 18:15:05,12.316666666666666
05/11/2013 18:15:05,19.475
06/11/2013 18:15:05,14.558333333333334
07/11/2013 18:15:05,12.8
08/11/2013 18:15:05,12.766666666666667
09/11/2013 18:15:05,13.6
10/11/2013 18:15:05,9.45
11/11/2013 18:15:05,10.633333333333333
12/11/2013 18:15:05,14.65
13/11/2013 18:15:05,18.95
14/11/2013 18:15:05,15.133333333333333
15/11/2013 18:15:05,12.1
16/11/2013 18:15:05,8.566666666666666
17/11/2013 18:15:05,7.766666666666667
18/11/2013 18:15:05,9.25
19/11/2013 18:15:05,8.9
20/11/2013 18:15:05,10.266666666666667
21/11/2013 18:15:05,15.2
22/11/2013 18:15:05,17.633333333333333
23/11/2013 18:15:05,16.925
24/11/2013 18:15:05,8.233333333333333
25/11/2013 18:15:05,7.433333333333334
26/11/2013 18:15:05,7.533333333333333
27/11/2013 18:15:05,7.933333333333334
28/11/2013 18:15:05,8.15
29/11/2013 18:15:05,8.283333333333333
30/11/2013 18:15:05,11.4
01/12/2013 18:15:05,8.1
02/12/2013 18:15:05,12.216666666666667
03/12/2013 18:15:05,8.116666666666667
04/12/2013 18:15:05,7.983333333333333
05/12/2013 18:15:05,10.6
06/12/2013 18:15:05,8.716666666666667
07/12/2013 18:15:05,6.933333333333334
08/12/2013 18:15:05,6.85
09/12/2013 18:15:05,5.683333333333334
10/12/2013 18:15:05,6.283333333333333
11/12/2013 18:15:05,7.95
12/12/2013 18:15:05,7.65
13/12/2013 18:15:05,7.5
14/12/2013 18:15:05,6.466666666666667
15/12/2013 18:15:05,8.3
16/12/2013 18:15:05,9.45
17/12/2013 18:15:05,6.533333333333333
18/12/2013 18:15:05,8.75
19/12/2013 18:15:05,10.283333333333333
20/12/2013 18:15:05,7.416666666666667
21/12/2013 18:15:05,12.1
22/12/2013 18:15:05,10.666666666666666
23/12/2013 18:15:05,7.433333333333334
24/12/2013 18:15:05,7.816666666666666
25/12/2013 18:15:05,6.75
26/12/2013 18:15:05,6.716666666666667
27/12/2013 18:15:05,7.016666666666667
28/12/2013 18:15:05,7.016666666666667
29/12/2013 18:15:05,8.3
30/12/2013 18:15:05,7.066666666666666
31/12/2013 18:15:05,8.616666666666667
01/01/2014 18:15:05,8.166666666666666
02/01/2014 18:15:05,12.033333333333333
03/01/2014 18:15:05,10.416666666666666
04/01/2014 18:15:05,10.866666666666667
05/01/2014 18:15:05,7.666666666666667
06/01/2014 18:15:05,8.816666666666666
07/01/2014 18:15:05,11.033333333333333
08/01/2014 18:15:05,8.65
09/01/2014 18:15:05,11.733333333333333
10/01/2014 18:15:05,10.95
11/01/2014 18:15:05,7.483333333333333
12/01/2014 18:15:05,8.5
13/01/2014 18:15:05,7.683333333333334
14/01/2014 18:15:05,7.983333333333333
15/01/2014 18:15:05,7.5
16/01/2014 18:15:05,6.7
17/01/2014 18:15:05,11.216666666666667
18/01/2014 18:15:05,12.016666666666667
19/01/2014 18:15:05,10.3
20/01/2014 18:15:05,8.45
21/01/2014 18:15:05,7.0
22/01/2014 18:15:05,6.683333333333334
23/01/2014 18:15:05,8.15
24/01/2014 18:15:05,6.85
25/01/2014 18:15:05,8.25
26/01/2014 18:15:05,7.566666666666666
27/01/2014 18:15:05,8.316666666666666
28/01/2014 18:15:05,8.283333333333333
29/01/2014 18:15:05,8.2
30/01/2014 18:15:05,8.266666666666667
31/01/2014 18:15:05,7.4
01/02/2014 18:15:05,7.066666666666666
02/02/2014 18:15:05,7.216666666666667
03/02/2014 18:15:05,6.6
04/02/2014 18:15:05,8.266666666666667
05/02/2014 18:15:05,7.866666666666666
06/02/2014 18:15:05,7.45
07/02/2014 18:15:05,7.916666666666667
08/02/2014 18:15:05,7.866666666666666
09/02/2014 18:15:05,7.683333333333334
10/02/2014 18:15:05,8.0
11/02/2014 18:15:05,7.383333333333334
12/02/2014 18:15:05,7.45
13/02/2014 18:15:05,8.0
14/02/2014 18:15:05,6.566666666666666
15/02/2014 18:15:05,7.25
16/02/2014 18:15:05,6.483333333333333
17/02/2014 18:15:05,7.85
18/02/2014 18:15:05,9.75
19/02/2014 18:15:05,7.266666666666667
20/02/2014 18:15:05,8.433333333333334
21/02/2014 18:15:05,7.6
22/02/2014 18:15:05,8.066666666666666
23/02/2014 18:15:05,6.833333333333333
24/02/2014 18:15:05,7.45
25/02/2014 18:15:05,7.633333333333334
26/02/2014 18:15:05,7.8
27/02/2014 18:15:05,11.475
28/02/2014 18:15:05,11.333333333333334
01/03/2014 18:15:05,10.016666666666667
02/03/2014 18:15:05,8.016666666666667
03/03/2014 18:15:05,9.25
04/03/2014 18:15:05,10.266666666666667
05/03/2014 18:15:05,8.016666666666667
06/03/2014 18:15:05,7.65
07/03/2014 18:15:05,7.066666666666666
08/03/2014 18:15:05,6.316666666666666
09/03/2014 18:15:05,7.25
10/03/2014 18:15:05,7.95
11/03/2014 18:15:05,7.816666666666666
12/03/2014 18:15:05,11.266666666666667
13/03/2014 18:15:05,13.366666666666667
14/03/2014 18:15:05,12.433333333333334
15/03/2014 18:15:05,10.733333333333333
16/03/2014 18:15:05,14.866666666666667
17/03/2014 18:15:05,10.633333333333333
18/03/2014 18:15:05,7.883333333333334
19/03/2014 18:15:05,7.883333333333334
20/03/2014 18:15:05,7.616666666666666
21/03/2014 18:15:05,7.016666666666667
22/03/2014 18:15:05,6.633333333333334
23/03/2014 18:15:05,6.2
24/03/2014 18:15:05,6.566666666666666
25/03/2014 18:15:05,8.4
26/03/2014 18:15:05,7.916666666666667
27/03/2014 18:15:05,7.5
28/03/2014 18:15:05,7.083333333333333
29/03/2014 18:15:05,7.216666666666667
30/03/2014 18:15:05,7.616666666666666
31/03/2014 18:15:05,7.85
01/04/2014 18:15:05,7.183333333333334
02/04/2014 18:15:05,6.716666666666667
03/04/2014 18:15:05,5.733333333333333
04/04/2014 18:15:05,5.4
05/04/2014 18:15:05,6.05
06/04/2014 18:15:05,8.833333333333334
07/04/2014 18:15:05,8.733333333333333
08/04/2014 18:15:05,8.066666666666666
09/04/2014 18:15:05,8.216666666666667
10/04/2014 18:15:05,7.483333333333333
11/04/2014 18:15:05,9.016666666666667
12/04/2014 18:15:05,7.283333333333333
13/04/2014 18:15:05,7.0
14/04/2014 18:15:05,6.783333333333333
15/04/2014 18:15:05,6.433333333333334
16/04/2014 18:15:05,8.933333333333334
17/04/2014 18:15:05,7.0
18/04/2014 18:15:05,9.383333333333333
19/04/2014 18:15:05,8.133333333333333
20/04/2014 18:15:05,7.9
21/04/2014 18:15:05,7.15
22/04/2014 18:15:05,8.55
23/04/2014 18:15:05,7.6
24/04/2014 18:15:05,9.283333333333333
25/04/2014 18:15:05,8.0
26/04/2014 18:15:05,7.066666666666666
27/04/2014 18:15:05,8.2
28/04/2014 18:15:05,7.583333333333333
29/04/2014 18:15:05,8.166666666666666
30/04/2014 18:15:05,7.666666666666667
01/05/2014 18:15:05,7.65
02/05/2014 18:15:05,6.966666666666667
03/05/2014 18:15:05,8.216666666666667
04/05/2014 18:15:05,7.633333333333334
05/05/2014 18:15:05,8.366666666666667
06/05/2014 18:15:05,7.0
07/05/2014 18:15:05,7.983333333333333
08/05/2014 18:15:05,8.133333333333333
09/05/2014 18:15:05,7.6
10/05/2014 18:15:05,6.633333333333334
11/05/2014 18:15:05,7.85
12/05/2014 18:15:05,7.766666666666667
13/05/2014 18:15:05,7.0
14/05/2014 18:15:05,7.4
15/05/2014 18:15:05,7.5
16/05/2014 18:15:05,6.266666666666667
17/05/2014 18:15:05,7.1
18/05/2014 18:15:05,7.183333333333334
19/05/2014 18:15:05,6.533333333333333
20/05/2014 18:15:05,6.833333333333333
21/05/2014 18:15:05,6.533333333333333
22/05/2014 18:15:05,7.45
23/05/2014 18:15:05,6.933333333333334
24/05/2014 18:15:05,7.35
25/05/2014 18:15:05,8.466666666666667
26/05/2014 18:15:05,7.383333333333334
27/05/2014 18:15:05,8.266666666666667
28/05/2014 18:15:05,6.933333333333334
29/05/2014 18:15:05,7.833333333333333
30/05/2014 18:15:05,7.383333333333334
31/05/2014 18:15:05,7.5
01/06/2014 18:15:05,6.633333333333334
02/06/2014 18:15:05,6.866666666666666
03/06/2014 18:15:05,5.983333333333333
04/06/2014 18:15:05,6.433333333333334
05/06/2014 18:15:05,7.766666666666667
06/06/2014 18:15:05,7.416666666666667
07/06/2014 18:15:05,7.25
08/06/2014 18:15:05,7.366666666666666
09/06/2014 18:15:05,8.933333333333334
10/06/2014 18:15:05,6.75
11/06/2014 18:15:05,7.8
12/06/2014 18:15:05,7.716666666666667
13/06/2014 18:15:05,7.35
14/06/2014 18:15:05,6.966666666666667
15/06/2014 18:15:05,6.266666666666667
16/06/2014 18:15:05,5.8
17/06/2014 18:15:05,6.383333333333334
18/06/2014 18:15:05,6.5
19/06/2014 18:15:05,8.116666666666667
20/06/2014 18:15:05,5.716666666666667
21/06/2014 18:15:05,5.883333333333334
22/06/2014 18:15:05,5.9
23/06/2014 18:15:05,8.25
24/06/2014 18:15:05,6.016666666666667
25/06/2014 18:15:05,5.75
26/06/2014 18:15:05,6.216666666666667
27/06/2014 18:15:05,6.0
28/06/2014 18:15:05,5.583333333333333
29/06/2014 18:15:05,6.716666666666667
30/06/2014 18:15:05,9.3
01/07/2014 18:15:05,8.316666666666666
02/07/2014 18:15:05,8.266666666666667
03/07/2014 18:15:05,8.166666666666666
04/07/2014 18:15:05,7.366666666666666
05/07/2014 18:15:05,7.966666666666667
06/07/2014 18:15:05,7.85
07/07/2014 18:15:05,8.166666666666666
08/07/2014 18:15:05,7.1
09/07/2014 18:15:05,7.4
10/07/2014 18:15:05,7.816666666666666
11/07/2014 18:15:05,7.8
12/07/2014 18:15:05,6.283333333333333
13/07/2014 18:15:05,7.416666666666667
14/07/2014 18:15:05,6.966666666666667
15/07/2014 18:15:05,8.4
16/07/2014 18:15:05,6.75
17/07/2014 18:15:05,6.466666666666667
18/07/2014 18:15:05,7.583333333333333
19/07/2014 18:15:05,6.75
20/07/2014 18:15:05,6.333333333333333
21/07/2014 18:15:05,7.733333333333333
22/07/2014 18:15:05,7.85
23/07/2014 18:15:05,8.033333333333333
24/07/2014 18:15:05,7.5
25/07/2014 18:15:05,7.183333333333334
26/07/2014 18:15:05,7.683333333333334
27/07/2014 18:15:05,7.516666666666667
28/07/2014 18:15:05,8.416666666666666
29/07/2014 18:15:05,7.433333333333334
30/07/2014 18:15:05,6.85
31/07/2014 18:15:05,8.05
01/08/2014 18:15:05,7.6
02/08/2014 18:15:05,6.066666666666666
03/08/2014 18:15:05,7.85
04/08/2014 18:15:05,7.783333333333333
05/08/2014 18:15:05,9.233333333333333
06/08/2014 18:15:05,7.65
07/08/2014 18:15:05,7.166666666666667
08/08/2014 18:15:05,6.566666666666666
09/08/2014 18:15:05,7.333333333333333
10/08/2014 18:15:05,6.683333333333334
11/08/2014 18:15:05,6.383333333333334
12/08/2014 18:15:05,6.4
13/08/2014 18:15:05,7.616666666666666
14/08/2014 18:15:05,6.983333333333333
15/08/2014 18:15:05,6.75
16/08/2014 18:15:05,6.933333333333334
17/08/2014 18:15:05,7.083333333333333
18/08/2014 18:15:05,5.983333333333333
19/08/2014 18:15:05,5.883333333333334
20/08/2014 18:15:05,7.15
21/08/2014 18:15:05,6.666666666666667
22/08/2014 18:15:05,7.0
23/08/2014 18:15:05,7.05
24/08/2014 18:15:05,6.966666666666667
25/08/2014 18:15:05,8.35
26/08/2014 18:15:05,6.816666666666666
27/08/2014 18:15:05,6.566666666666666
28/08/2014 18:15:05,6.216666666666667
29/08/2014 18:15:05,6.85
30/08/2014 18:15:05,6.083333333333333
31/08/2014 18:15:05,6.25
01/09/2014 18:15:05,8.45
02/09/2014 18:15:05,8.1
03/09/2014 18:15:05,7.15
04/09/2014 18:15:05,7.416666666666667
05/09/2014 18:15:05,6.866666666666666
06/09/2014 18:15:05,7.25
07/09/2014 18:15:05,7.466666666666667
08/09/2014 18:15:05,7.85
09/09/2014 18:15:05,8.6
10/09/2014 18:15:05,6.983333333333333
11/09/2014 18:15:05,6.65
12/09/2014 18:15:05,7.566666666666666
13/09/2014 18:15:05,6.233333333333333
14/09/2014 18:15:05,7.5
15/09/2014 18:15:05,7.333333333333333
16/09/2014 18:15:05,7.1
17/09/2014 18:15:05,6.0
18/09/2014 18:15:05,5.95
19/09/2014 18:15:05,7.783333333333333
20/09/2014 18:15:05,6.55
21/09/2014 18:15:05,6.383333333333334
22/09/2014 18:15:05,6.733333333333333
23/09/2014 18:15:05,7.4
24/09/2014 18:15:05,7.283333333333333
25/09/2014 18:15:05,7.3
26/09/2014 18:15:05,7.25
27/09/2014 18:15:05,8.2
28/09/2014 18:15:05,7.583333333333333
29/09/2014 18:15:05,8.2
30/09/2014 18:15:05,7.5
01/10/2014 18:15:05,7.75
02/10/2014 18:15:05,7.683333333333334
03/10/2014 18:15:05,7.566666666666666
04/10/2014 18:15:05,8.216666666666667
05/10/2014 18:15:05,6.283333333333333
06/10/2014 18:15:05,7.266666666666667
07/10/2014 18:15:05,7.033333333333333
08/10/2014 18:15:05,8.683333333333334
09/10/2014 18:15:05,8.833333333333334
10/10/2014 18:15:05,7.15
11/10/2014 18:15:05,8.15
12/10/2014 18:15:05,8.283333333333333
13/10/2014 18:15:05,7.783333333333333
14/10/2014 18:15:05,7.366666666666666
15/10/2014 18:15:05,7.516666666666667
16/10/2014 18:15:05,7.016666666666667
17/10/2014 18:15:05,8.283333333333333
18/10/2014 18:15:05,7.25
19/10/2014 18:15:05,8.3
20/10/2014 18:15:05,8.083333333333334
21/10/2014 18:15:05,8.5
22/10/2014 18:15:05,6.75
23/10/2014 18:15:05,7.583333333333333
24/10/2014 18:15:05,6.75
25/10/2014 18:15:05,7.783333333333333
26/10/2014 18:15:05,8.716666666666667
27/10/2014 18:15:05,7.233333333333333
28/10/2014 18:15:05,7.216666666666667
29/10/2014 18:15:05,7.816666666666666
30/10/2014 18:15:05,6.633333333333334
31/10/2014 18:15:05,5.95
01/11/2014 18:15:05,6.583333333333333
02/11/2014 18:15:05,7.116666666666666
03/11/2014 18:15:05,6.816666666666666
04/11/2014 18:15:05,6.566666666666666
05/11/2014 18:15:05,7.2
06/11/2014 18:15:05,8.55
07/11/2014 18:15:05,7.883333333333334
08/11/2014 18:15:05,7.016666666666667
09/11/2014 18:15:05,8.216666666666667
10/11/2014 18:15:05,7.183333333333334
11/11/2014 18:15:05,8.483333333333333
12/11/2014 18:15:05,8.083333333333334
13/11/2014 18:15:05,7.95
14/11/2014 18:15:05,7.583333333333333
15/11/2014 18:15:05,7.116666666666666
16/11/2014 18:15:05,8.3
17/11/2014 18:15:05,7.5
18/11/2014 18:15:05,8.0
19/11/2014 18:15:05,7.516666666666667
20/11/2014 18:15:05,8.033333333333333
21/11/2014 18:15:05,8.266666666666667
22/11/2014 18:15:05,7.25
23/11/2014 18:15:05,8.916666666666666
24/11/2014 18:15:05,7.2
25/11/2014 18:15:05,9.05
26/11/2014 18:15:05,8.033333333333333
27/11/2014 18:15:05,8.016666666666667
28/11/2014 18:15:05,8.55
29/11/2014 18:15:05,7.816666666666666
30/11/2014 18:15:05,7.516666666666667
01/12/2014 18:15:05,8.3
02/12/2014 18:15:05,9.566666666666666
03/12/2014 18:15:05,9.15
04/12/2014 18:15:05,8.4
05/12/2014 18:15:05,7.083333333333333
06/12/2014 18:15:05,8.066666666666666
07/12/2014 18:15:05,9.466666666666667
08/12/2014 18:15:05,8.25
09/12/2014 18:15:05,8.666666666666666
10/12/2014 18:15:05,7.05
11/12/2014 18:15:05,8.9
12/12/2014 18:15:05,7.9
13/12/2014 18:15:05,8.95
14/12/2014 18:15:05,9.383333333333333
15/12/2014 18:15:05,7.716666666666667
16/12/2014 18:15:05,8.483333333333333
17/12/2014 18:15:05,8.9
18/12/2014 18:15:05,8.616666666666667
19/12/2014 18:15:05,10.7
20/12/2014 18:15:05,7.833333333333333
21/12/2014 18:15:05,8.083333333333334
22/12/2014 18:15:05,9.3
23/12/2014 18:15:05,7.516666666666667
24/12/2014 18:15:05,7.216666666666667
25/12/2014 18:15:05,6.483333333333333
26/12/2014 18:15:05,7.55
27/12/2014 18:15:05,7.55
28/12/2014 18:15:05,7.166666666666667
29/12/2014 18:15:05,6.816666666666666
30/12/2014 18:15:05,7.9
31/12/2014 18:15:05,7.8
01/01/2015 18:15:05,7.15
02/01/2015 18:15:05,6.933333333333334
03/01/2015 18:15:05,6.433333333333334
04/01/2015 18:15:05,8.033333333333333
05/01/2015 18:15:05,6.816666666666666
06/01/2015 18:15:05,7.633333333333334
07/01/2015 18:15:05,7.433333333333334
08/01/2015 18:15:05,9.716666666666667
09/01/2015 18:15:05,7.466666666666667
10/01/2015 18:15:05,8.616666666666667
11/01/2015 18:15:05,8.9
12/01/2015 18:15:05,7.1
13/01/2015 18:15:05,10.95
14/01/2015 18:15:05,8.466666666666667
15/01/2015 18:15:05,8.416666666666666
16/01/2015 18:15:05,8.2
17/01/2015 18:15:05,8.433333333333334
