03/01/2009 18:15:05,0.00004971026962962963
04/01/2009 18:15:05,0.0
05/01/2009 18:15:05,0.0
06/01/2009 18:15:05,0.0
07/01/2009 18:15:05,0.0
08/01/2009 18:15:05,0.0
09/01/2009 18:15:05,0.0006959437748148148
10/01/2009 18:15:05,0.0015410183585185184
11/01/2009 18:15:05,0.005269288580740741
12/01/2009 18:15:05,0.004424213997037036
13/01/2009 18:15:05,0.0057166810074074075
14/01/2009 18:15:05,0.006263493973333333
15/01/2009 18:15:05,0.006313204242962963
16/01/2009 18:15:05,0.005766391277037038
17/01/2009 18:15:05,0.0053687091200000005
18/01/2009 18:15:05,0.005020737232592593
19/01/2009 18:15:05,0.005915522085925926
20/01/2009 18:15:05,0.005766391277037038
21/01/2009 18:15:05,0.005617260468148148
22/01/2009 18:15:05,0.003728270222222222
23/01/2009 18:15:05,0.0033305880651851843
24/01/2009 18:15:05,0.009892343656296296
25/01/2009 18:15:05,0.009643792308148148
26/01/2009 18:15:05,0.005766391277037038
27/01/2009 18:15:05,0.005120157771851853
28/01/2009 18:15:05,0.005120157771851853
29/01/2009 18:15:05,0.006064652894814814
30/01/2009 18:15:05,0.006014942625185187
31/01/2009 18:15:05,0.0064126247822222215
01/02/2009 18:15:05,0.005766391277037038
02/02/2009 18:15:05,0.006313204242962963
03/02/2009 18:15:05,0.006760596669629629
04/02/2009 18:15:05,0.0061143631644444444
05/02/2009 18:15:05,0.006014942625185187
06/02/2009 18:15:05,0.0064126247822222215
07/02/2009 18:15:05,0.006263493973333333
08/02/2009 18:15:05,0.006661176130370369
09/02/2009 18:15:05,0.006362914512592592
10/02/2009 18:15:05,0.006313204242962963
11/02/2009 18:15:05,0.006512045321481483
12/02/2009 18:15:05,0.005865811816296297
13/02/2009 18:15:05,0.0061640734340740735
14/02/2009 18:15:05,0.007009148017777777
15/02/2009 18:15:05,0.006064652894814814
16/02/2009 18:15:05,0.0061143631644444444
17/02/2009 18:15:05,0.005865811816296297
18/02/2009 18:15:05,0.0061640734340740735
19/02/2009 18:15:05,0.0058161015466666665
20/02/2009 18:15:05,0.006362914512592592
21/02/2009 18:15:05,0.005468129659259259
22/02/2009 18:15:05,0.006014942625185187
23/02/2009 18:15:05,0.0053189988503703715
24/02/2009 18:15:05,0.005517839928888888
25/02/2009 18:15:05,0.0053189988503703715
26/02/2009 18:15:05,0.004772185884444444
27/02/2009 18:15:05,0.0061143631644444444
28/02/2009 18:15:05,0.005070447502222223
01/03/2009 18:15:05,0.005269288580740741
02/03/2009 18:15:05,0.005169868041481481
03/03/2009 18:15:05,0.005269288580740741
04/03/2009 18:15:05,0.005269288580740741
05/03/2009 18:15:05,0.005269288580740741
06/03/2009 18:15:05,0.005865811816296297
07/03/2009 18:15:05,0.005517839928888888
08/03/2009 18:15:05,0.005567550198518519
09/03/2009 18:15:05,0.005617260468148148
10/03/2009 18:15:05,0.005219578311111112
11/03/2009 18:15:05,0.0053687091200000005
12/03/2009 18:15:05,0.005865811816296297
13/03/2009 18:15:05,0.005666970737777777
14/03/2009 18:15:05,0.005766391277037038
15/03/2009 18:15:05,0.005517839928888888
16/03/2009 18:15:05,0.006462335051851852
17/03/2009 18:15:05,0.0057166810074074075
18/03/2009 18:15:05,0.005468129659259259
19/03/2009 18:15:05,0.006064652894814814
20/03/2009 18:15:05,0.005865811816296297
21/03/2009 18:15:05,0.003827690761481482
22/03/2009 18:15:05,0.004722475614814816
23/03/2009 18:15:05,0.006561755591111111
24/03/2009 18:15:05,0.005219578311111112
25/03/2009 18:15:05,0.005766391277037038
26/03/2009 18:15:05,0.005617260468148148
27/03/2009 18:15:05,0.005468129659259259
28/03/2009 18:15:05,0.005915522085925926
29/03/2009 18:15:05,0.005567550198518519
30/03/2009 18:15:05,0.006213783703703704
31/03/2009 18:15:05,0.005617260468148148
01/04/2009 18:15:05,0.0053189988503703715
02/04/2009 18:15:05,0.005965232355555556
03/04/2009 18:15:05,0.005617260468148148
04/04/2009 18:15:05,0.005617260468148148
05/04/2009 18:15:05,0.0064126247822222215
06/04/2009 18:15:05,0.0057166810074074075
07/04/2009 18:15:05,0.004921316693333333
08/04/2009 18:15:05,0.005169868041481481
09/04/2009 18:15:05,0.004921316693333333
10/04/2009 18:15:05,0.005120157771851853
11/04/2009 18:15:05,0.006064652894814814
12/04/2009 18:15:05,0.0057166810074074075
13/04/2009 18:15:05,0.0057166810074074075
14/04/2009 18:15:05,0.006313204242962963
15/04/2009 18:15:05,0.005567550198518519
16/04/2009 18:15:05,0.0061143631644444444
17/04/2009 18:15:05,0.0057166810074074075
18/04/2009 18:15:05,0.006064652894814814
19/04/2009 18:15:05,0.005915522085925926
20/04/2009 18:15:05,0.0058161015466666665
21/04/2009 18:15:05,0.0061143631644444444
22/04/2009 18:15:05,0.006014942625185187
23/04/2009 18:15:05,0.00397682157037037
24/04/2009 18:15:05,0.005617260468148148
25/04/2009 18:15:05,0.006064652894814814
26/04/2009 18:15:05,0.005418419389629629
27/04/2009 18:15:05,0.005219578311111112
28/04/2009 18:15:05,0.0058161015466666665
29/04/2009 18:15:05,0.0061143631644444444
30/04/2009 18:15:05,0.006561755591111111
01/05/2009 18:15:05,0.0061143631644444444
02/05/2009 18:15:05,0.0061143631644444444
03/05/2009 18:15:05,0.005666970737777777
04/05/2009 18:15:05,0.006064652894814814
05/05/2009 18:15:05,0.006561755591111111
06/05/2009 18:15:05,0.006810306939259259
07/05/2009 18:15:05,0.006014942625185187
08/05/2009 18:15:05,0.006064652894814814
09/05/2009 18:15:05,0.004523634536296296
10/05/2009 18:15:05,0.0030820367170370368
11/05/2009 18:15:05,0.005915522085925926
12/05/2009 18:15:05,0.006313204242962963
13/05/2009 18:15:05,0.0057166810074074075
14/05/2009 18:15:05,0.006611465860740741
15/05/2009 18:15:05,0.007108568557037038
16/05/2009 18:15:05,0.005666970737777777
17/05/2009 18:15:05,0.006213783703703704
18/05/2009 18:15:05,0.0061640734340740735
19/05/2009 18:15:05,0.004971026962962963
20/05/2009 18:15:05,0.005169868041481481
21/05/2009 18:15:05,0.004424213997037036
22/05/2009 18:15:05,0.004125952379259259
23/05/2009 18:15:05,0.0003479718874074074
24/05/2009 18:15:05,0.004772185884444444
25/05/2009 18:15:05,0.005567550198518519
26/05/2009 18:15:05,0.005617260468148148
27/05/2009 18:15:05,0.006213783703703704
28/05/2009 18:15:05,0.005120157771851853
29/05/2009 18:15:05,0.0053189988503703715
30/05/2009 18:15:05,0.005120157771851853
31/05/2009 18:15:05,0.005865811816296297
01/06/2009 18:15:05,0.003628849682962963
02/06/2009 18:15:05,0.004424213997037036
03/06/2009 18:15:05,0.004871606423703704
04/06/2009 18:15:05,0.0019387005155555557
05/06/2009 18:15:05,0.0028334853688888884
06/06/2009 18:15:05,0.001193046471111111
07/06/2009 18:15:05,0.0001988410785185185
08/06/2009 18:15:05,0.003579139413333334
09/06/2009 18:15:05,0.004672765345185185
10/06/2009 18:15:05,0.004125952379259259
11/06/2009 18:15:05,0.004623055075555557
12/06/2009 18:15:05,0.004523634536296296
13/06/2009 18:15:05,0.0036785599525925926
14/06/2009 18:15:05,0.0034797188740740737
15/06/2009 18:15:05,0.00407624210962963
16/06/2009 18:15:05,0.003628849682962963
17/06/2009 18:15:05,0.003827690761481482
18/06/2009 18:15:05,0.00402653184
19/06/2009 18:15:05,0.004324793457777778
20/06/2009 18:15:05,0.004175662648888889
21/06/2009 18:15:05,0.003728270222222222
22/06/2009 18:15:05,0.00397682157037037
23/06/2009 18:15:05,0.0037779804918518516
24/06/2009 18:15:05,0.004225372918518518
25/06/2009 18:15:05,0.0036785599525925926
26/06/2009 18:15:05,0.004424213997037036
27/06/2009 18:15:05,0.004225372918518518
28/06/2009 18:15:05,0.0025352237511111113
29/06/2009 18:15:05,0.0037779804918518516
30/06/2009 18:15:05,0.004324793457777778
01/07/2009 18:15:05,0.004125952379259259
02/07/2009 18:15:05,0.003579139413333334
03/07/2009 18:15:05,0.004125952379259259
04/07/2009 18:15:05,0.004424213997037036
05/07/2009 18:15:05,0.00397682157037037
06/07/2009 18:15:05,0.004523634536296296
07/07/2009 18:15:05,0.0031317469866666667
08/07/2009 18:15:05,0.00392711130074074
09/07/2009 18:15:05,0.00402653184
10/07/2009 18:15:05,0.00407624210962963
11/07/2009 18:15:05,0.004175662648888889
12/07/2009 18:15:05,0.0037779804918518516
13/07/2009 18:15:05,0.0037779804918518516
14/07/2009 18:15:05,0.003579139413333334
15/07/2009 18:15:05,0.002286672402962963
16/07/2009 18:15:05,0.0034300086044444446
17/07/2009 18:15:05,0.003231167525925926
18/07/2009 18:15:05,0.00014913080888888887
19/07/2009 18:15:05,0.0025849340207407404
20/07/2009 18:15:05,0.003728270222222222
21/07/2009 18:15:05,0.0036785599525925926
22/07/2009 18:15:05,0.0034300086044444446
23/07/2009 18:15:05,0.0032808777955555556
24/07/2009 18:15:05,0.003728270222222222
25/07/2009 18:15:05,0.0026346442903703703
26/07/2009 18:15:05,0.0006462335051851851
27/07/2009 18:15:05,0.003181457256296296
28/07/2009 18:15:05,0.002187251863703704
29/07/2009 18:15:05,0.001590728628148148
30/07/2009 18:15:05,0.0006959437748148148
31/07/2009 18:15:05,0.0005965232355555555
01/08/2009 18:15:05,0.0011433362014814815
02/08/2009 18:15:05,0.001491308088888889
03/08/2009 18:15:05,0.0007456540444444445
04/08/2009 18:15:05,0.002883195638518519
05/08/2009 18:15:05,0.004523634536296296
06/08/2009 18:15:05,0.004772185884444444
07/08/2009 18:15:05,0.0036785599525925926
08/08/2009 18:15:05,0.00407624210962963
09/08/2009 18:15:05,0.004871606423703704
10/08/2009 18:15:05,0.00407624210962963
11/08/2009 18:15:05,0.0033305880651851843
12/08/2009 18:15:05,0.0033802983348148147
13/08/2009 18:15:05,0.00402653184
14/08/2009 18:15:05,0.003231167525925926
15/08/2009 18:15:05,0.0016901491674074073
16/08/2009 18:15:05,0.0012427567407407407
17/08/2009 18:15:05,0.0008450745837037037
18/08/2009 18:15:05,0.00044739242666666675
19/08/2009 18:15:05,0.0007456540444444445
20/08/2009 18:15:05,0.001193046471111111
21/08/2009 18:15:05,0.000795364314074074
22/08/2009 18:15:05,0.000397682157037037
23/08/2009 18:15:05,0.0005965232355555555
24/08/2009 18:15:05,0.000397682157037037
25/08/2009 18:15:05,0.0027340648296296293
26/08/2009 18:15:05,0.0020878313244444445
27/08/2009 18:15:05,0.001491308088888889
28/08/2009 18:15:05,0.003181457256296296
29/08/2009 18:15:05,0.004125952379259259
30/08/2009 18:15:05,0.004473924266666667
31/08/2009 18:15:05,0.004672765345185185
01/09/2009 18:15:05,0.00392711130074074
02/09/2009 18:15:05,0.0033802983348148147
03/09/2009 18:15:05,0.002982616177777778
04/09/2009 18:15:05,0.0031317469866666667
05/09/2009 18:15:05,0.003529429143703703
06/09/2009 18:15:05,0.003579139413333334
07/09/2009 18:15:05,0.0038774010311111115
08/09/2009 18:15:05,0.0032808777955555556
09/09/2009 18:15:05,0.002883195638518519
10/09/2009 18:15:05,0.003032326447407407
11/09/2009 18:15:05,0.0033802983348148147
12/09/2009 18:15:05,0.003529429143703703
13/09/2009 18:15:05,0.0034797188740740737
14/09/2009 18:15:05,0.00402653184
15/09/2009 18:15:05,0.0027837750992592593
16/09/2009 18:15:05,0.002883195638518519
17/09/2009 18:15:05,0.004125952379259259
18/09/2009 18:15:05,0.00402653184
19/09/2009 18:15:05,0.003529429143703703
20/09/2009 18:15:05,0.00392711130074074
21/09/2009 18:15:05,0.0036785599525925926
22/09/2009 18:15:05,0.0016901491674074073
23/09/2009 18:15:05,0.0013421772800000001
24/09/2009 18:15:05,0.00407624210962963
25/09/2009 18:15:05,0.004971026962962963
26/09/2009 18:15:05,0.004672765345185185
27/09/2009 18:15:05,0.004424213997037036
28/09/2009 18:15:05,0.004374503727407408
29/09/2009 18:15:05,0.004125952379259259
30/09/2009 18:15:05,0.004324793457777778
01/10/2009 18:15:05,0.004225372918518518
02/10/2009 18:15:05,0.003728270222222222
03/10/2009 18:15:05,0.002883195638518519
04/10/2009 18:15:05,0.003032326447407407
05/10/2009 18:15:05,0.002883195638518519
06/10/2009 18:15:05,0.002038121054814815
07/10/2009 18:15:05,0.0025352237511111113
08/10/2009 18:15:05,0.0034797188740740737
09/10/2009 18:15:05,0.0038774010311111115
10/10/2009 18:15:05,0.003827690761481482
11/10/2009 18:15:05,0.00392711130074074
12/10/2009 18:15:05,0.0030820367170370368
13/10/2009 18:15:05,0.0025352237511111113
14/10/2009 18:15:05,0.0027837750992592593
15/10/2009 18:15:05,0.004225372918518518
16/10/2009 18:15:05,0.003231167525925926
17/10/2009 18:15:05,0.0027340648296296293
18/10/2009 18:15:05,0.003181457256296296
19/10/2009 18:15:05,0.004921316693333333
20/10/2009 18:15:05,0.005517839928888888
21/10/2009 18:15:05,0.004125952379259259
22/10/2009 18:15:05,0.004275083188148147
23/10/2009 18:15:05,0.004324793457777778
24/10/2009 18:15:05,0.003728270222222222
25/10/2009 18:15:05,0.003628849682962963
26/10/2009 18:15:05,0.003231167525925926
27/10/2009 18:15:05,0.0032808777955555556
28/10/2009 18:15:05,0.003181457256296296
29/10/2009 18:15:05,0.0024855134814814814
30/10/2009 18:15:05,0.003032326447407407
31/10/2009 18:15:05,0.0022369621333333334
01/11/2009 18:15:05,0.001491308088888889
02/11/2009 18:15:05,0.0016404388977777778
03/11/2009 18:15:05,0.0028334853688888884
04/11/2009 18:15:05,0.0030820367170370368
05/11/2009 18:15:05,0.003181457256296296
06/11/2009 18:15:05,0.002435803211851852
07/11/2009 18:15:05,0.0037779804918518516
08/11/2009 18:15:05,0.0034797188740740737
09/11/2009 18:15:05,0.003231167525925926
10/11/2009 18:15:05,0.003529429143703703
11/11/2009 18:15:05,0.0034300086044444446
12/11/2009 18:15:05,0.0034797188740740737
13/11/2009 18:15:05,0.0034797188740740737
14/11/2009 18:15:05,0.004125952379259259
15/11/2009 18:15:05,0.004772185884444444
16/11/2009 18:15:05,0.004971026962962963
17/11/2009 18:15:05,0.004523634536296296
18/11/2009 18:15:05,0.00392711130074074
19/11/2009 18:15:05,0.003628849682962963
20/11/2009 18:15:05,0.00407624210962963
21/11/2009 18:15:05,0.003827690761481482
22/11/2009 18:15:05,0.004971026962962963
23/11/2009 18:15:05,0.004772185884444444
24/11/2009 18:15:05,0.005070447502222223
25/11/2009 18:15:05,0.004225372918518518
26/11/2009 18:15:05,0.0038774010311111115
27/11/2009 18:15:05,0.003728270222222222
28/11/2009 18:15:05,0.0038774010311111115
29/11/2009 18:15:05,0.002883195638518519
30/11/2009 18:15:05,0.0036785599525925926
01/12/2009 18:15:05,0.0032808777955555556
02/12/2009 18:15:05,0.004871606423703704
03/12/2009 18:15:05,0.004225372918518518
04/12/2009 18:15:05,0.002435803211851852
05/12/2009 18:15:05,0.0025849340207407404
06/12/2009 18:15:05,0.005219578311111112
07/12/2009 18:15:05,0.004672765345185185
08/12/2009 18:15:05,0.005915522085925926
09/12/2009 18:15:05,0.004672765345185185
10/12/2009 18:15:05,0.005120157771851853
11/12/2009 18:15:05,0.006213783703703704
12/12/2009 18:15:05,0.005020737232592593
13/12/2009 18:15:05,0.005169868041481481
14/12/2009 18:15:05,0.0053687091200000005
15/12/2009 18:15:05,0.005766391277037038
16/12/2009 18:15:05,0.005915522085925926
17/12/2009 18:15:05,0.008003353410370371
18/12/2009 18:15:05,0.009942053925925926
19/12/2009 18:15:05,0.011135100397037037
20/12/2009 18:15:05,0.008699297185185188
21/12/2009 18:15:05,0.00929582042074074
22/12/2009 18:15:05,0.007555960983703703
23/12/2009 18:15:05,0.008401035567407407
24/12/2009 18:15:05,0.007158278826666668
25/12/2009 18:15:05,0.007804512331851852
26/12/2009 18:15:05,0.007903932871111111
27/12/2009 18:15:05,0.008401035567407407
28/12/2009 18:15:05,0.006860017208888889
29/12/2009 18:15:05,0.00815248421925926
30/12/2009 18:15:05,0.009173151748090925
31/12/2009 18:15:05,0.008820338219318198
01/01/2010 18:15:05,0.006997468320659102
02/01/2010 18:15:05,0.007644293123409104
03/01/2010 18:15:05,0.009584767531659107
04/01/2010 18:15:05,0.011172428411136383
05/01/2010 18:15:05,0.012230868997454562
06/01/2010 18:15:05,0.009290756257681831
07/01/2010 18:15:05,0.009349558512477287
08/01/2010 18:15:05,0.008820338219318198
09/01/2010 18:15:05,0.008702733709727286
10/01/2010 18:15:05,0.011231230665931837
11/01/2010 18:15:05,0.009055547238500015
12/01/2010 18:15:05,0.010769248413842422
13/01/2010 18:15:05,0.01025024849028375
14/01/2010 18:15:05,0.01025024849028375
15/01/2010 18:15:05,0.008822998700497405
16/01/2010 18:15:05,0.008693248719607735
17/01/2010 18:15:05,0.007979623824714566
18/01/2010 18:15:05,0.008433748757828404
19/01/2010 18:15:05,0.007720123862935231
20/01/2010 18:15:05,0.00908249866227674
21/01/2010 18:15:05,0.011547748299180429
22/01/2010 18:15:05,0.009731248566725078
23/01/2010 18:15:05,0.009796123557169915
24/01/2010 18:15:05,0.009406873614500912
25/01/2010 18:15:05,0.0135648225052015
26/01/2010 18:15:05,0.013498000719461596
27/01/2010 18:15:05,0.011827456075963872
28/01/2010 18:15:05,0.011560168933004236
29/01/2010 18:15:05,0.012896604647802415
30/01/2010 18:15:05,0.012027921433183599
31/01/2010 18:15:05,0.013765287862421233
01/02/2010 18:15:05,0.011961099647443688
02/02/2010 18:15:05,0.00948869357506706
03/02/2010 18:15:05,0.016237693934797858
04/02/2010 18:15:05,0.01543583250591895
05/02/2010 18:15:05,0.02214934972786334
06/02/2010 18:15:05,0.017267452236824077
07/02/2010 18:15:05,0.018713940382317194
08/02/2010 18:15:05,0.01907556241869047
09/02/2010 18:15:05,0.01889475140050383
10/02/2010 18:15:05,0.014374475945837841
11/02/2010 18:15:05,0.016092180618610914
12/02/2010 18:15:05,0.0169058302004508
13/02/2010 18:15:05,0.020250834036903625
14/02/2010 18:15:05,0.018623534873223876
15/02/2010 18:15:05,0.023246091421507655
16/02/2010 18:15:05,0.021989545939264003
17/02/2010 18:15:05,0.02915185518805284
18/02/2010 18:15:05,0.02877489154337974
19/02/2010 18:15:05,0.02249216413216146
20/02/2010 18:15:05,0.02789530970580918
21/02/2010 18:15:05,0.02689007332001426
22/02/2010 18:15:05,0.03204190979721324
23/02/2010 18:15:05,0.03153929160431578
24/02/2010 18:15:05,0.035713053625946366
25/02/2010 18:15:05,0.027818589140210855
26/02/2010 18:15:05,0.03195378482321516
27/02/2010 18:15:05,0.032517675143624844
28/02/2010 18:15:05,0.030450077302122687
01/03/2010 18:15:05,0.03496119986540012
02/03/2010 18:15:05,0.03684083426676572
03/03/2010 18:15:05,0.027818589140210855
04/03/2010 18:15:05,0.03420934610485388
05/03/2010 18:15:05,0.03289360202389797
06/03/2010 18:15:05,0.03439730954499045
07/03/2010 18:15:05,0.032517675143624844
08/03/2010 18:15:05,0.03063281618934752
09/03/2010 18:15:05,0.03333571173546643
10/03/2010 18:15:05,0.03356095303097633
11/03/2010 18:15:05,0.0328852291444466
12/03/2010 18:15:05,0.02657847287016918
13/03/2010 18:15:05,0.0355881246905655
14/03/2010 18:15:05,0.028155161938738533
15/03/2010 18:15:05,0.02792992064322862
16/03/2010 18:15:05,0.03063281618934752
17/03/2010 18:15:05,0.027704679347718718
18/03/2010 18:15:05,0.03513764209954569
19/03/2010 18:15:05,0.029957092302817796
20/03/2010 18:15:05,0.0434715700334123
21/03/2010 18:15:05,0.0407686744872934
22/03/2010 18:15:05,0.040167579814159166
23/03/2010 18:15:05,0.04652177323108828
24/03/2010 18:15:05,0.039486773376631035
25/03/2010 18:15:05,0.04220999912674352
26/03/2010 18:15:05,0.044252418439327874
27/03/2010 18:15:05,0.039486773376631035
28/03/2010 18:15:05,0.04402548296015184
29/03/2010 18:15:05,0.04357161200179976
30/03/2010 18:15:05,0.04788338610614454
31/03/2010 18:15:05,0.04697564418944038
01/04/2010 18:15:05,0.05717452188839274
02/04/2010 18:15:05,0.0447715832776832
03/04/2010 18:15:05,0.050216775838482504
04/04/2010 18:15:05,0.050216775838482504
05/04/2010 18:15:05,0.050216775838482504
06/04/2010 18:15:05,0.04386405118421664
07/04/2010 18:15:05,0.058384564679681464
08/04/2010 18:15:05,0.05898958607532583
09/04/2010 18:15:05,0.05354439351452653
10/04/2010 18:15:05,0.07260256747732412
11/04/2010 18:15:05,0.07230005677950191
12/04/2010 18:15:05,0.08435315508652319
13/04/2010 18:15:05,0.0641394958031167
14/04/2010 18:15:05,0.07774484339771721
15/04/2010 18:15:05,0.08007718869964876
16/04/2010 18:15:05,0.0785222918316944
17/04/2010 18:15:05,0.08163208556760307
18/04/2010 18:15:05,0.10301191750197533
19/04/2010 18:15:05,0.08435315508652319
20/04/2010 18:15:05,0.07968846448266013
21/04/2010 18:15:05,0.08590805195447752
22/04/2010 18:15:05,0.10087127867660567
23/04/2010 18:15:05,0.08548413447169972
24/04/2010 18:15:05,0.0837744517822657
25/04/2010 18:15:05,0.096312124838115
26/04/2010 18:15:05,0.09688201906792633
27/04/2010 18:15:05,0.09688201906792633
28/04/2010 18:15:05,0.09973149021698302
29/04/2010 18:15:05,0.0906131825400017
30/04/2010 18:15:05,0.08719381716113371
01/05/2010 18:15:05,0.09289275945924703
02/05/2010 18:15:05,0.09688201906792633
03/05/2010 18:15:05,0.09118307676981305
04/05/2010 18:15:05,0.08303572664384576
05/05/2010 18:15:05,0.09325550838462676
06/05/2010 18:15:05,0.09644919017862084
07/05/2010 18:15:05,0.08367446300264457
08/05/2010 18:15:05,0.0945329811022244
09/05/2010 18:15:05,0.0907005629494315
10/05/2010 18:15:05,0.08750688115543745
11/05/2010 18:15:05,0.07345468126186354
12/05/2010 18:15:05,0.07728709941465645
13/05/2010 18:15:05,0.08303572664384576
14/05/2010 18:15:05,0.07664836305585762
15/05/2010 18:15:05,0.06770605403267421
16/05/2010 18:15:05,0.06131869044468609
17/05/2010 18:15:05,0.09197803566702913
18/05/2010 18:15:05,0.10730770827820067
19/05/2010 18:15:05,0.10347529012540778
20/05/2010 18:15:05,0.10776489276111513
21/05/2010 18:15:05,0.10894265115194697
22/05/2010 18:15:05,0.11306480551985848
23/05/2010 18:15:05,0.12660902701442486
24/05/2010 18:15:05,0.11188704712902664
25/05/2010 18:15:05,0.12660902701442486
26/05/2010 18:15:05,0.12484238942817708
27/05/2010 18:15:05,0.11483144310610627
28/05/2010 18:15:05,0.12896454379608857
29/05/2010 18:15:05,0.16274936049292293
30/05/2010 18:15:05,0.12474697174838255
31/05/2010 18:15:05,0.1255731106341334
01/06/2010 18:15:05,0.10987647180486673
02/06/2010 18:15:05,0.10987647180486673
03/06/2010 18:15:05,0.1297038050628878
04/06/2010 18:15:05,0.10987647180486673
05/06/2010 18:15:05,0.11483330511937201
06/06/2010 18:15:05,0.12474697174838255
07/06/2010 18:15:05,0.12887766617713695
08/06/2010 18:15:05,0.13052994394863868
09/06/2010 18:15:05,0.1338344994916422
10/06/2010 18:15:05,0.13796519392039655
11/06/2010 18:15:05,0.1387913328061475
12/06/2010 18:15:05,0.11837326941803425
13/06/2010 18:15:05,0.13911019252776288
14/06/2010 18:15:05,0.1313338463616146
15/06/2010 18:15:05,0.16935153872945044
16/06/2010 18:15:05,0.12701365404708784
17/06/2010 18:15:05,0.12355750019546642
18/06/2010 18:15:05,0.1278776925099932
19/06/2010 18:15:05,0.1365180771390468
20/06/2010 18:15:05,0.14947865408262717
21/06/2010 18:15:05,0.13997423099066825
22/06/2010 18:15:05,0.1365180771390468
23/06/2010 18:15:05,0.1477505771568165
24/06/2010 18:15:05,0.17556041368173025
25/06/2010 18:15:05,0.14662188395397255
26/06/2010 18:15:05,0.15723267818748368
27/06/2010 18:15:05,0.153374207557116
28/06/2010 18:15:05,0.15723267818748368
29/06/2010 18:15:05,0.15530344287229988
30/06/2010 18:15:05,0.17748964899691413
01/07/2010 18:15:05,0.2006404727791203
02/07/2010 18:15:05,0.16880809007858688
03/07/2010 18:15:05,0.19292353151838493
04/07/2010 18:15:05,0.17941888431209801
05/07/2010 18:15:05,0.16977270773617878
06/07/2010 18:15:05,0.19626664397521398
07/07/2010 18:15:05,0.1799110903106128
08/07/2010 18:15:05,0.18458410564335598
09/07/2010 18:15:05,0.22079997447211572
10/07/2010 18:15:05,0.2278094974712305
11/07/2010 18:15:05,0.20678092847388616
12/07/2010 18:15:05,0.5993142164243142
13/07/2010 18:15:05,1.6785692506550491
14/07/2010 18:15:05,1.2950252014462342
15/07/2010 18:15:05,1.4078322747429448
16/07/2010 18:15:05,5.396690386514621
17/07/2010 18:15:05,1.651495553063839
18/07/2010 18:15:05,1.6153972896088917
19/07/2010 18:15:05,1.480028801652839
20/07/2010 18:15:05,1.6063727237451544
21/07/2010 18:15:05,1.8229623044748384
22/07/2010 18:15:05,1.6875938165187863
23/07/2010 18:15:05,1.750765777564944
24/07/2010 18:15:05,1.6695446847913127
25/07/2010 18:15:05,1.9312570948396806
26/07/2010 18:15:05,2.3463871245715744
27/07/2010 18:15:05,2.1244834042325027
28/07/2010 18:15:05,1.9666646370609449
29/07/2010 18:15:05,2.1244834042325027
30/07/2010 18:15:05,2.209462740401802
31/07/2010 18:15:05,2.294442076571103
01/08/2010 18:15:05,2.6829190419164743
02/08/2010 18:15:05,3.0835359124288897
03/08/2010 18:15:05,2.767898378085774
04/08/2010 18:15:05,2.767898378085774
05/08/2010 18:15:05,2.96213686075846
06/08/2010 18:15:05,2.8184706135946116
07/08/2010 18:15:05,2.4858560691331353
08/08/2010 18:15:05,3.361157501926493
09/08/2010 18:15:05,3.308639415958892
10/08/2010 18:15:05,3.6237479317645005
11/08/2010 18:15:05,3.7988082183231717
12/08/2010 18:15:05,3.8163142469790388
13/08/2010 18:15:05,3.7988082183231717
14/08/2010 18:15:05,4.569073479181326
15/08/2010 18:15:05,6.996110103731181
16/08/2010 18:15:05,2.9510864437556985
17/08/2010 18:15:05,3.3326924494137624
18/08/2010 18:15:05,3.383573250168171
19/08/2010 18:15:05,3.5616560528086008
20/08/2010 18:15:05,4.248546862993116
21/08/2010 18:15:05,4.681033669405589
22/08/2010 18:15:05,5.062639675063654
23/08/2010 18:15:05,5.520566881853332
24/08/2010 18:15:05,5.21528207732688
25/08/2010 18:15:05,5.7749708856253745
26/08/2010 18:15:05,5.291603278458492
27/08/2010 18:15:05,5.515994626844949
28/08/2010 18:15:05,5.54698336070363
29/08/2010 18:15:05,4.89621994967136
30/08/2010 18:15:05,4.617321344943244
31/08/2010 18:15:05,5.423028425268913
01/09/2010 18:15:05,5.454017159127591
02/09/2010 18:15:05,4.679298812660604
03/09/2010 18:15:05,4.958197417388719
04/09/2010 18:15:05,5.54698336070363
05/09/2010 18:15:05,5.020174885106078
06/09/2010 18:15:05,5.237096022116833
07/09/2010 18:15:05,4.679298812660604
08/09/2010 18:15:05,5.386530222428546
09/09/2010 18:15:05,5.35109252359678
10/09/2010 18:15:05,6.059846500232116
11/09/2010 18:15:05,5.740907210746213
12/09/2010 18:15:05,6.485098886213315
13/09/2010 18:15:05,5.8117826084097475
14/09/2010 18:15:05,6.910351272194516
15/09/2010 18:15:05,6.66228738037215
16/09/2010 18:15:05,6.733162778035684
17/09/2010 18:15:05,7.65454294766162
18/09/2010 18:15:05,8.39873462312872
19/09/2010 18:15:05,9.581378861136807
20/09/2010 18:15:05,9.627004474761266
21/09/2010 18:15:05,8.075733611529595
22/09/2010 18:15:05,7.8932311570317495
23/09/2010 18:15:05,9.672630088385727
24/09/2010 18:15:05,11.2239009516174
25/09/2010 18:15:05,9.216373952141119
26/09/2010 18:15:05,8.988245884018813
27/09/2010 18:15:05,10.858896042621712
28/09/2010 18:15:05,9.855132542883572
29/09/2010 18:15:05,11.602605542980458
30/09/2010 18:15:05,9.242753568136976
01/10/2010 18:15:05,10.22602522432176
02/10/2010 18:15:05,7.1451073682761015
03/10/2010 18:15:05,7.93172469322393
04/10/2010 18:15:05,10.094922336830455
05/10/2010 18:15:05,8.062827580715233
06/10/2010 18:15:05,9.963819449339152
07/10/2010 18:15:05,11.340399767997848
08/10/2010 18:15:05,10.160473780576107
09/10/2010 18:15:05,10.029370893084803
10/10/2010 18:15:05,11.274848324252195
11/10/2010 18:15:05,10.81598821803263
12/10/2010 18:15:05,10.96034426259668
13/10/2010 18:15:05,11.576863627367741
14/10/2010 18:15:05,13.152413115116016
15/10/2010 18:15:05,12.67289805362741
16/10/2010 18:15:05,16.372014242253787
17/10/2010 18:15:05,19.317606762826642
18/10/2010 18:15:05,17.879061578360833
19/10/2010 18:15:05,16.646022848818706
20/10/2010 18:15:05,16.029503484047645
21/10/2010 18:15:05,24.891029749603163
22/10/2010 18:15:05,16.34475344072654
23/10/2010 18:15:05,18.58815097180665
24/10/2010 18:15:05,20.190577779721025
25/10/2010 18:15:05,22.43397531080113
26/10/2010 18:15:05,25.85248583435179
27/10/2010 18:15:05,22.64763221852305
28/10/2010 18:15:05,22.96811758010592
29/10/2010 18:15:05,25.10468665732508
30/10/2010 18:15:05,25.638828926629866
31/10/2010 18:15:05,27.971775549216243
01/11/2010 18:15:05,28.893921995893702
02/11/2010 18:15:05,25.820100506968842
03/11/2010 18:15:05,30.891905963694864
04/11/2010 18:15:05,29.354995219232432
05/11/2010 18:15:05,33.658345303727245
06/11/2010 18:15:05,31.04559703814111
07/11/2010 18:15:05,38.11538646266829
08/11/2010 18:15:05,40.11337043046945
09/11/2010 18:15:05,54.12080801265033
10/11/2010 18:15:05,43.52214977683963
11/11/2010 18:15:05,52.31678107889531
12/11/2010 18:15:05,38.56107570901336
13/11/2010 18:15:05,49.38523731154342
14/11/2010 18:15:05,53.66980127921158
15/11/2010 18:15:05,49.83624404498218
16/11/2010 18:15:05,40.81610937620711
17/11/2010 18:15:05,56.37584167984409
18/11/2010 18:15:05,59.307385447195976
19/11/2010 18:15:05,56.66499363772254
20/11/2010 18:15:05,39.25586908637404
21/11/2010 18:15:05,46.08297675356953
22/11/2010 18:15:05,54.61686133756389
23/11/2010 18:15:05,49.15517520380751
24/11/2010 18:15:05,63.150745921558254
25/11/2010 18:15:05,51.886018270685696
26/11/2010 18:15:05,69.29514282203418
27/11/2010 18:15:05,62.4680351548387
28/11/2010 18:15:05,56.66499363772254
29/11/2010 18:15:05,72.36734127227216
30/11/2010 18:15:05,84.32954552237283
01/12/2010 18:15:05,71.07775979742854
02/12/2010 18:15:05,77.50286802770457
03/12/2010 18:15:05,77.1012987633123
04/12/2010 18:15:05,87.94366890190311
05/12/2010 18:15:05,95.5734849253559
06/12/2010 18:15:05,96.3766234541404
07/12/2010 18:15:05,93.56563860339465
08/12/2010 18:15:05,92.76250007461013
09/12/2010 18:15:05,100.39231609806292
10/12/2010 18:15:05,91.35753173855609
11/12/2010 18:15:05,104.75663639354433
12/12/2010 18:15:05,105.97473681672506
13/12/2010 18:15:05,92.57563216173685
14/12/2010 18:15:05,99.27518448923097
15/12/2010 18:15:05,109.01998787467694
16/12/2010 18:15:05,113.28333935580956
17/12/2010 18:15:05,105.36568660513471
18/12/2010 18:15:05,96.22993343127908
19/12/2010 18:15:05,112.0652389326288
20/12/2010 18:15:05,96.83898364286945
21/12/2010 18:15:05,119.98289168330368
22/12/2010 18:15:05,113.76183538106389
23/12/2010 18:15:05,102.96166113602622
24/12/2010 18:15:05,108.00174245037712
25/12/2010 18:15:05,116.64188184640732
26/12/2010 18:15:05,105.84170760136959
27/12/2010 18:15:05,115.92187023007146
28/12/2010 18:15:05,121.68196316075823
29/12/2010 18:15:05,123.84199800976575
30/12/2010 18:15:05,115.20185861373562
31/12/2010 18:15:05,118.08190507907898
01/01/2011 18:15:05,128.16206770778084
02/01/2011 18:15:05,129.60209094045257
03/01/2011 18:15:05,132.94599185813476
04/01/2011 18:15:05,115.11177343814109
05/01/2011 18:15:05,121.59694377268424
06/01/2011 18:15:05,119.16500489723056
07/01/2011 18:15:05,116.7330660217769
08/01/2011 18:15:05,155.64408802903586
09/01/2011 18:15:05,123.21823635632005
10/01/2011 18:15:05,135.37793073358847
11/01/2011 18:15:05,131.324699274499
12/01/2011 18:15:05,135.37793073358847
13/01/2011 18:15:05,149.96956398631056
14/01/2011 18:15:05,141.05245477631374
15/01/2011 18:15:05,157.64492714000815
16/01/2011 18:15:05,158.561467414078
17/01/2011 18:15:05,158.561467414078
18/01/2011 18:15:05,142.98028275489114
19/01/2011 18:15:05,162.22762851035725
20/01/2011 18:15:05,153.97876604372894
21/01/2011 18:15:05,163.14416878442705
22/01/2011 18:15:05,150.31260494744967
23/01/2011 18:15:05,155.81184659186852
24/01/2011 18:15:05,164.9772493325667
25/01/2011 18:15:05,142.98028275489114
26/01/2011 18:15:05,178.72535344361393
27/01/2011 18:15:05,175.07862584030454
28/01/2011 18:15:05,178.36135007481022
29/01/2011 18:15:05,164.13621172528548
30/01/2011 18:15:05,179.4555914863121
31/01/2011 18:15:05,164.13621172528548
01/02/2011 18:15:05,195.86921265884067
02/02/2011 18:15:05,177.2671086633083
03/02/2011 18:15:05,163.04197031378357
04/02/2011 18:15:05,207.9058681853616
05/02/2011 18:15:05,200.24617830484829
06/02/2011 18:15:05,191.49224701283308
07/02/2011 18:15:05,225.4137307693921
08/02/2011 18:15:05,222.28619882233735
09/02/2011 18:15:05,236.50217665399856
10/02/2011 18:15:05,244.25634638035916
11/02/2011 18:15:05,246.84106962247935
12/02/2011 18:15:05,245.54870800141924
13/02/2011 18:15:05,263.64177069626066
14/02/2011 18:15:05,240.37926151717883
15/02/2011 18:15:05,273.9806636647414
16/02/2011 18:15:05,298.53553446488337
17/02/2011 18:15:05,310.1667890544243
18/02/2011 18:15:05,391.4850548976392
19/02/2011 18:15:05,318.98782250918754
20/02/2011 18:15:05,340.73699222572304
21/02/2011 18:15:05,337.1121306063004
22/02/2011 18:15:05,384.23533165879394
23/02/2011 18:15:05,440.42068675984416
24/02/2011 18:15:05,387.8601932782166
25/02/2011 18:15:05,402.3596397559069
26/02/2011 18:15:05,454.9201332375344
27/02/2011 18:15:05,748.8732522949807
28/02/2011 18:15:05,461.48277908952673
01/03/2011 18:15:05,359.2380915068173
02/03/2011 18:15:05,467.00951895886243
03/03/2011 18:15:05,505.69669804421204
04/03/2011 18:15:05,549.9106169988971
05/03/2011 18:15:05,732.2930326869738
06/03/2011 18:15:05,746.1098823603129
07/03/2011 18:15:05,649.3919346469389
08/03/2011 18:15:05,533.3303973908903
09/03/2011 18:15:05,598.4337929453174
10/03/2011 18:15:05,450.7191225347644
11/03/2011 18:15:05,511.3200129596067
12/03/2011 18:15:05,518.895124262712
13/03/2011 18:15:05,450.7191225347644
14/03/2011 18:15:05,443.1440112316591
15/03/2011 18:15:05,367.3928982006062
16/03/2011 18:15:05,552.9831251266856
17/03/2011 18:15:05,496.1697903533961
18/03/2011 18:15:05,522.6826799142646
19/03/2011 18:15:05,412.8435660192379
20/03/2011 18:15:05,473.44445644408023
21/03/2011 18:15:05,587.0711259906594
22/03/2011 18:15:05,477.2320120956328
23/03/2011 18:15:05,560.558236429791
24/03/2011 18:15:05,575.7084590360016
25/03/2011 18:15:05,613.584015551528
26/03/2011 18:15:05,483.475502411536
27/03/2011 18:15:05,524.6223536806028
28/03/2011 18:15:05,558.9113964048253
29/03/2011 18:15:05,528.0512579530251
30/03/2011 18:15:05,534.9090664978695
31/03/2011 18:15:05,692.6386630292927
01/04/2011 18:15:05,600.0582476738924
02/04/2011 18:15:05,648.0629074878036
03/04/2011 18:15:05,572.6270134945141
04/04/2011 18:15:05,617.2027690360035
05/04/2011 18:15:05,692.6386630292927
06/04/2011 18:15:05,568.9859598636722
07/04/2011 18:15:05,663.1347158123373
08/04/2011 18:15:05,638.5741707822508
09/04/2011 18:15:05,650.8544432972939
10/04/2011 18:15:05,687.6952608424239
11/04/2011 18:15:05,630.3873224388886
12/04/2011 18:15:05,683.6018366707426
13/04/2011 18:15:05,822.7782585078999
14/04/2011 18:15:05,667.2281399840183
15/04/2011 18:15:05,552.6122631769477
16/04/2011 18:15:05,683.6018366707426
17/04/2011 18:15:05,728.6295025592348
18/04/2011 18:15:05,716.137288756555
19/04/2011 18:15:05,647.2779340684247
20/04/2011 18:15:05,661.0498050060507
21/04/2011 18:15:05,757.4529015694329
22/04/2011 18:15:05,794.1778907364358
23/04/2011 18:15:05,780.4060197988097
24/04/2011 18:15:05,725.3185360483053
25/04/2011 18:15:05,863.037245424566
26/04/2011 18:15:05,885.9903636539428
27/04/2011 18:15:05,872.218492716317
28/04/2011 18:15:05,729.909159694181
29/04/2011 18:15:05,927.305976466821
30/04/2011 18:15:05,1008.5704008129975
01/05/2011 18:15:05,1068.5394516721487
02/05/2011 18:15:05,970.408277538992
03/05/2011 18:15:05,1128.5085025313
04/05/2011 18:15:05,1014.0221327092839
05/05/2011 18:15:05,1242.9948723533155
06/05/2011 18:15:05,1084.8946473610083
07/05/2011 18:15:05,1193.9292852867377
08/05/2011 18:15:05,1123.0567706350132
09/05/2011 18:15:05,1357.4812421753318
10/05/2011 18:15:05,1565.042355954783
11/05/2011 18:15:05,1463.3146028177223
12/05/2011 18:15:05,1283.334731882922
13/05/2011 18:15:05,1572.867567734557
14/05/2011 18:15:05,1940.652521383931
15/05/2011 18:15:05,1784.1482857884525
16/05/2011 18:15:05,1752.8474386693567
17/05/2011 18:15:05,2034.5550627412179
18/05/2011 18:15:05,2214.5349336760178
19/05/2011 18:15:05,2196.4164632871693
20/05/2011 18:15:05,2718.2170595377124
21/05/2011 18:15:05,2584.7331860782715
22/05/2011 18:15:05,3082.2639871543706
23/05/2011 18:15:05,3361.366631660475
24/05/2011 18:15:05,3579.7947882304693
25/05/2011 18:15:05,3543.390095468804
26/05/2011 18:15:05,3858.8974327365736
27/05/2011 18:15:05,4280.335327405187
28/05/2011 18:15:05,3350.767554281838
29/05/2011 18:15:05,3739.88894768231
30/05/2011 18:15:05,3307.5318439040084
31/05/2011 18:15:05,3242.678278337263
01/06/2011 18:15:05,3847.978223626885
02/06/2011 18:15:05,4107.392485893866
03/06/2011 18:15:05,4388.424603349762
04/06/2011 18:15:05,4669.456720805659
05/06/2011 18:15:05,4496.513879294339
06/06/2011 18:15:05,7049.780324261829
07/06/2011 18:15:05,4765.651499200996
08/06/2011 18:15:05,5160.4391973596585
09/06/2011 18:15:05,5978.213714974031
10/06/2011 18:15:05,6373.0014131326925
11/06/2011 18:15:05,6542.196140914977
12/06/2011 18:15:05,6711.390868697262
13/06/2011 18:15:05,6908.784717776592
14/06/2011 18:15:05,6344.8022918356455
15/06/2011 18:15:05,12293.407699783447
16/06/2011 18:15:05,8762.322509420115
17/06/2011 18:15:05,7846.855978585179
18/06/2011 18:15:05,8805.916153745591
19/06/2011 18:15:05,9547.008107278638
20/06/2011 18:15:05,10113.725483509788
21/06/2011 18:15:05,10070.131839184314
22/06/2011 18:15:05,11770.283967877771
23/06/2011 18:15:05,10375.287349462631
24/06/2011 18:15:05,16454.404924541668
25/06/2011 18:15:05,10352.563098357465
26/06/2011 18:15:05,10626.80318043316
27/06/2011 18:15:05,10969.603283027778
28/06/2011 18:15:05,10489.683139395313
29/06/2011 18:15:05,12135.12363184948
30/06/2011 18:15:05,12409.363713925175
01/07/2011 18:15:05,12340.803693406251
02/07/2011 18:15:05,11998.003590811635
03/07/2011 18:15:05,10969.603283027778
04/07/2011 18:15:05,11243.84336510347
05/07/2011 18:15:05,10352.563098357465
06/07/2011 18:15:05,10695.363200952082
07/07/2011 18:15:05,10567.001865081213
08/07/2011 18:15:05,11421.685839462782
09/07/2011 18:15:05,12276.369813844349
10/07/2011 18:15:05,11188.590210085991
11/07/2011 18:15:05,11577.082925713976
12/07/2011 18:15:05,11188.590210085991
13/07/2011 18:15:05,14218.83339198428
14/07/2011 18:15:05,11965.57564134196
15/07/2011 18:15:05,12509.465443221143
16/07/2011 18:15:05,12354.068356969947
17/07/2011 18:15:05,13131.053788225918
18/07/2011 18:15:05,11887.877098216364
19/07/2011 18:15:05,12742.56107259793
20/07/2011 18:15:05,12019.848738804129
21/07/2011 18:15:05,13028.507374228251
22/07/2011 18:15:05,12019.848738804129
23/07/2011 18:15:05,12187.958511374816
24/07/2011 18:15:05,14793.659986220466
25/07/2011 18:15:05,13196.617146798937
26/07/2011 18:15:05,14205.275782223061
27/07/2011 18:15:05,15129.87953136184
28/07/2011 18:15:05,14037.16600965237
29/07/2011 18:15:05,13532.836691940314
30/07/2011 18:15:05,12776.342715372222
31/07/2011 18:15:05,14121.220895937719
01/08/2011 18:15:05,16431.11686929297
02/08/2011 18:15:05,13802.13817020609
03/08/2011 18:15:05,14928.843326957609
04/08/2011 18:15:05,12487.648820662656
05/08/2011 18:15:05,12957.109302642453
06/08/2011 18:15:05,11642.619953099018
07/08/2011 18:15:05,12112.080435078813
08/08/2011 18:15:05,12112.080435078813
09/08/2011 18:15:05,12487.648820662656
10/08/2011 18:15:05,15586.08800172933
11/08/2011 18:15:05,12675.433013454576
12/08/2011 18:15:05,12863.217206246498
13/08/2011 18:15:05,12018.188338682856
14/08/2011 18:15:05,11548.727856703057
15/08/2011 18:15:05,13426.569784622256
16/08/2011 18:15:05,12675.433013454576
17/08/2011 18:15:05,11579.281931454938
18/08/2011 18:15:05,14182.376319146357
19/08/2011 18:15:05,12117.85318408075
20/08/2011 18:15:05,13015.471938457102
21/08/2011 18:15:05,13015.471938457102
22/08/2011 18:15:05,15798.090077023795
23/08/2011 18:15:05,15259.51882439798
24/08/2011 18:15:05,11758.805682330212
25/08/2011 18:15:05,11489.520056017303
26/08/2011 18:15:05,13823.328817395819
27/08/2011 18:15:05,11758.805682330212
28/08/2011 18:15:05,10232.85379989041
29/08/2011 18:15:05,11220.2344297044
30/08/2011 18:15:05,13913.09069283345
31/08/2011 18:15:05,13344.420974986162
01/09/2011 18:15:05,11223.453402802934
02/09/2011 18:15:05,14316.53111223681
03/09/2011 18:15:05,12549.05813541745
04/09/2011 18:15:05,11135.079753961963
05/09/2011 18:15:05,13609.541921509064
06/09/2011 18:15:05,13256.047326145193
07/09/2011 18:15:05,12990.92637962229
08/09/2011 18:15:05,11046.706105120997
09/09/2011 18:15:05,12372.310837735513
10/09/2011 18:15:05,12637.43178425842
11/09/2011 18:15:05,12195.56354005358
12/09/2011 18:15:05,11488.574349325836
13/09/2011 18:15:05,12018.816242371642
14/09/2011 18:15:05,13263.925230209254
15/09/2011 18:15:05,12914.874566256378
16/09/2011 18:15:05,10995.095914515565
17/09/2011 18:15:05,10733.30791655091
18/09/2011 18:15:05,14572.865220032534
19/09/2011 18:15:05,10646.045250562689
20/09/2011 18:15:05,12129.51057236241
21/09/2011 18:15:05,12914.874566256378
22/09/2011 18:15:05,13089.399898232814
23/09/2011 18:15:05,11693.197242421315
24/09/2011 18:15:05,10820.570582539129
25/09/2011 18:15:05,12391.298570327064
26/09/2011 18:15:05,11954.985240385973
27/09/2011 18:15:05,11867.722574397754
28/09/2011 18:15:05,11605.934576433097
29/09/2011 18:15:05,11252.954012115648
30/09/2011 18:15:05,10329.204055897202
01/10/2011 18:15:05,11420.908549609912
02/10/2011 18:15:05,11001.022205874257
03/10/2011 18:15:05,10917.044937127122
04/10/2011 18:15:05,10917.044937127122
05/10/2011 18:15:05,11504.885818357045
06/10/2011 18:15:05,11168.976743368517
07/10/2011 18:15:05,10749.09039963286
08/10/2011 18:15:05,10833.06766837999
09/10/2011 18:15:05,10329.204055897202
10/10/2011 18:15:05,9909.317712161543
11/10/2011 18:15:05,8901.590487195961
12/10/2011 18:15:05,9993.294980908675
13/10/2011 18:15:05,7641.931455988985
14/10/2011 18:15:05,11168.976743368517
15/10/2011 18:15:05,10290.799068415286
16/10/2011 18:15:05,8977.080038404823
17/10/2011 18:15:05,8247.236132843456
18/10/2011 18:15:05,9269.017600629375
19/10/2011 18:15:05,9633.939553410057
20/10/2011 18:15:05,7517.39222728209
21/10/2011 18:15:05,10071.845896746878
22/10/2011 18:15:05,6860.532712276858
23/10/2011 18:15:05,7663.361008394362
24/10/2011 18:15:05,8977.080038404823
25/10/2011 18:15:05,9487.97077229778
26/10/2011 18:15:05,7955.298570618909
27/10/2011 18:15:05,8393.20491395573
28/10/2011 18:15:05,7444.407836725952
29/10/2011 18:15:05,8685.14247618028
30/10/2011 18:15:05,7079.485883945267
31/10/2011 18:15:05,9998.861506190742
01/11/2011 18:15:05,8734.364860003867
02/11/2011 18:15:05,9033.486944250575
03/11/2011 18:15:05,7597.700939866378
04/11/2011 18:15:05,8554.891609455843
05/11/2011 18:15:05,8973.662527401231
06/11/2011 18:15:05,8854.013693702549
07/11/2011 18:15:05,7836.998607263745
08/11/2011 18:15:05,8076.296274661109
09/11/2011 18:15:05,10110.32644753872
10/11/2011 18:15:05,8674.540443154525
11/11/2011 18:15:05,7298.578855619669
12/11/2011 18:15:05,8076.296274661109
13/11/2011 18:15:05,8794.189276853207
14/11/2011 18:15:05,8136.120691510451
15/11/2011 18:15:05,10255.333551313717
16/11/2011 18:15:05,7884.15816372673
17/11/2011 18:15:05,8595.510780002827
18/11/2011 18:15:05,7765.599394347381
19/11/2011 18:15:05,7647.040624968031
20/11/2011 18:15:05,7587.761240278357
21/11/2011 18:15:05,8002.7169331060795
22/11/2011 18:15:05,8002.7169331060795
23/11/2011 18:15:05,7765.599394347381
24/11/2011 18:15:05,6639.2910852435625
25/11/2011 18:15:05,7706.320009657707
26/11/2011 18:15:05,7528.481855588683
27/11/2011 18:15:05,6757.849854622912
28/11/2011 18:15:05,7350.643701519658
29/11/2011 18:15:05,8239.834471864779
30/11/2011 18:15:05,7916.086499513548
01/12/2011 18:15:05,10030.657550753469
02/12/2011 18:15:05,8512.503975504296
03/12/2011 18:15:05,8132.965581692002
04/12/2011 18:15:05,7428.108564612029
05/12/2011 18:15:05,8675.163287138135
06/12/2011 18:15:05,8620.943516593521
07/12/2011 18:15:05,7970.30627005816
08/12/2011 18:15:05,8349.844663870455
09/12/2011 18:15:05,8187.1853522366155
10/12/2011 18:15:05,8512.503975504296
11/12/2011 18:15:05,7861.866728968936
12/12/2011 18:15:05,7265.449252978187
13/12/2011 18:15:05,7406.8274447919275
14/12/2011 18:15:05,8268.086450000294
15/12/2011 18:15:05,7062.3238427085835
16/12/2011 18:15:05,7119.741109722475
17/12/2011 18:15:05,8382.920984028075
18/12/2011 18:15:05,8440.338251041965
19/12/2011 18:15:05,8670.00731909753
20/12/2011 18:15:05,7751.331046875276
21/12/2011 18:15:05,8899.676387153091
22/12/2011 18:15:05,7923.582847916949
23/12/2011 18:15:05,8727.424586111421
24/12/2011 18:15:05,7579.079245833603
25/12/2011 18:15:05,9990.60446041702
26/12/2011 18:15:05,9875.769926389237
27/12/2011 18:15:05,9168.0048812832
28/12/2011 18:15:05,8649.061208757736
29/12/2011 18:15:05,8072.4571281738845
30/12/2011 18:15:05,7380.532231473268
31/12/2011 18:15:05,9283.32569739997
01/01/2012 18:15:05,8591.40080069935
02/01/2012 18:15:05,8764.382024874507
03/01/2012 18:15:05,9340.986105458354
04/01/2012 18:15:05,8879.702840991275
05/01/2012 18:15:05,8476.07998458258
06/01/2012 18:15:05,9802.269369925434
07/01/2012 18:15:05,10436.533858567667
08/01/2012 18:15:05,9283.32569739997
09/01/2012 18:15:05,10010.25621817098
10/01/2012 18:15:05,9077.623651260641
11/01/2012 18:15:05,9450.676678024774
12/01/2012 18:15:05,10321.133740474428
13/01/2012 18:15:05,7709.762553125475
14/01/2012 18:15:05,9948.080713710291
15/01/2012 18:15:05,9201.974660182019
16/01/2012 18:15:05,9823.72970478891
17/01/2012 18:15:05,9823.72970478891
18/01/2012 18:15:05,8828.921633417882
19/01/2012 18:15:05,8455.868606653747
20/01/2012 18:15:05,8580.219615575126
21/01/2012 18:15:05,11129.41529846339
22/01/2012 18:15:05,8450.978823032423
23/01/2012 18:15:05,11116.287528758035
24/01/2012 18:15:05,8776.016470072133
25/01/2012 18:15:05,10076.167058230967
26/01/2012 18:15:05,8450.978823032423
27/01/2012 18:15:05,9036.0465877039
28/01/2012 18:15:05,10076.167058230967
29/01/2012 18:15:05,10596.227293494498
30/01/2012 18:15:05,10791.249881718326
31/01/2012 18:15:05,10271.18964645479
01/02/2012 18:15:05,8776.016470072133
02/02/2012 18:15:05,10596.227293494498
03/02/2012 18:15:05,10401.204705270677
04/02/2012 18:15:05,11247.553976335974
05/02/2012 18:15:05,9327.2398828152
06/02/2012 18:15:05,10150.231637181249
07/02/2012 18:15:05,9807.318406195394
08/02/2012 18:15:05,9052.909298026518
09/02/2012 18:15:05,9875.901052392566
10/02/2012 18:15:05,10081.648990984075
11/02/2012 18:15:05,9464.405175209542
12/02/2012 18:15:05,10973.223391547293
13/02/2012 18:15:05,10081.648990984075
14/02/2012 18:15:05,9327.2398828152
15/02/2012 18:15:05,9738.735759998222
16/02/2012 18:15:05,8847.161359435006
17/02/2012 18:15:05,9738.735759998222
18/02/2012 18:15:05,12001.963084504856
19/02/2012 18:15:05,10741.368022074928
20/02/2012 18:15:05,9988.788096961398
21/02/2012 18:15:05,8757.293674048347
22/02/2012 18:15:05,10741.368022074928
23/02/2012 18:15:05,11493.947947188457
24/02/2012 18:15:05,9920.371740132894
25/02/2012 18:15:05,11425.531590359953
26/02/2012 18:15:05,10399.286237932416
27/02/2012 18:15:05,10809.784378903427
28/02/2012 18:15:05,10262.453524275406
29/02/2012 18:15:05,12725.442370101506
01/03/2012 18:15:05,10672.951665246424
02/03/2012 18:15:05,9897.222875271189
03/03/2012 18:15:05,8855.409941032118
04/03/2012 18:15:05,9673.977246505674
05/03/2012 18:15:05,9822.807665682687
06/03/2012 18:15:05,11013.451019098768
07/03/2012 18:15:05,11087.866228687271
08/03/2012 18:15:05,11608.77269580681
09/03/2012 18:15:05,12352.924791691861
10/03/2012 18:15:05,12873.831258811395
11/03/2012 18:15:05,9897.222875271189
12/03/2012 18:15:05,12576.170420457374
13/03/2012 18:15:05,11311.111857452788
14/03/2012 18:15:05,10269.298923213717
15/03/2012 18:15:05,9599.562036917167
16/03/2012 18:15:05,10650.728196703265
17/03/2012 18:15:05,12810.666082747979
18/03/2012 18:15:05,11618.976214585378
19/03/2012 18:15:05,11767.937448105702
20/03/2012 18:15:05,11023.131280504076
21/03/2012 18:15:05,12065.859915146353
22/03/2012 18:15:05,11618.976214585378
23/03/2012 18:15:05,9682.480178821148
24/03/2012 18:15:05,12810.666082747979
25/03/2012 18:15:05,12438.262998947166
26/03/2012 18:15:05,11321.053747544729
27/03/2012 18:15:05,11023.131280504076
28/03/2012 18:15:05,11842.418064865864
29/03/2012 18:15:05,11239.041285218553
30/03/2012 18:15:05,12128.46181858117
31/03/2012 18:15:05,13179.59517619154
01/04/2012 18:15:05,12128.46181858117
02/04/2012 18:15:05,10268.764339732063
03/04/2012 18:15:05,10349.620751855935
04/04/2012 18:15:05,11400.754109466301
05/04/2012 18:15:05,9621.913042741064
06/04/2012 18:15:05,9945.33869123656
07/04/2012 18:15:05,10673.046400351432
08/04/2012 18:15:05,11805.036170085674
09/04/2012 18:15:05,12209.318230705047
10/04/2012 18:15:05,11562.466933714051
11/04/2012 18:15:05,11562.466933714051
12/04/2012 18:15:05,11158.18487309468
13/04/2012 18:15:05,9883.251607977565
14/04/2012 18:15:05,10432.321141754099
15/04/2012 18:15:05,9177.305064550601
16/04/2012 18:15:05,10432.321141754099
17/04/2012 18:15:05,11138.267685181068
18/04/2012 18:15:05,9569.497588676693
19/04/2012 18:15:05,12236.406752734132
20/04/2012 18:15:05,12157.968247908913
21/04/2012 18:15:05,11530.460209307163
22/04/2012 18:15:05,11687.337218957598
23/04/2012 18:15:05,11608.898714132383
24/04/2012 18:15:05,9647.93609350191
25/04/2012 18:15:05,10824.513665880197
26/04/2012 18:15:05,12079.529743083694
27/04/2012 18:15:05,9883.251607977565
28/04/2012 18:15:05,11698.814299940319
29/04/2012 18:15:05,12448.738293526236
30/04/2012 18:15:05,12673.71549160201
01/05/2012 18:15:05,13423.639485187929
02/05/2012 18:15:05,11548.829501223136
03/05/2012 18:15:05,12448.738293526236
04/05/2012 18:15:05,11623.821900581725
05/05/2012 18:15:05,11698.814299940319
06/05/2012 18:15:05,12898.692689677786
07/05/2012 18:15:05,12823.700290319195
08/05/2012 18:15:05,13948.586280698071
09/05/2012 18:15:05,14129.94690535053
10/05/2012 18:15:05,12406.78264860047
11/05/2012 18:15:05,10597.460179012902
12/05/2012 18:15:05,11803.675158737948
13/05/2012 18:15:05,11372.88409455043
14/05/2012 18:15:05,12320.624435762966
15/05/2012 18:15:05,11286.725881712926
16/05/2012 18:15:05,9649.719837800363
17/05/2012 18:15:05,10166.669114825385
18/05/2012 18:15:05,12406.78264860047
19/05/2012 18:15:05,12579.099074275475
20/05/2012 18:15:05,12234.466222925459
21/05/2012 18:15:05,11372.88409455043
22/05/2012 18:15:05,10080.51090198788
23/05/2012 18:15:05,10425.143753337894
24/05/2012 18:15:05,11631.358733062938
25/05/2012 18:15:05,9174.760781108336
26/05/2012 18:15:05,10677.523322841602
27/05/2012 18:15:05,12971.213518118684
28/05/2012 18:15:05,10914.801618904748
29/05/2012 18:15:05,10756.616088195982
30/05/2012 18:15:05,9491.131842525867
31/05/2012 18:15:05,11547.543741739806
01/06/2012 18:15:05,11943.007568511717
02/06/2012 18:15:05,12338.471395283626
03/06/2012 18:15:05,12496.656925992389
04/06/2012 18:15:05,11943.007568511717
05/06/2012 18:15:05,10756.616088195982
06/06/2012 18:15:05,13366.677344890595
07/06/2012 18:15:05,9965.688434652158
08/06/2012 18:15:05,11705.729272448567
09/06/2012 18:15:05,13142.93301057242
10/06/2012 18:15:05,13379.033603576716
11/06/2012 18:15:05,12119.830440887145
12/06/2012 18:15:05,11018.027673533765
13/06/2012 18:15:05,12749.43202223193
14/06/2012 18:15:05,11490.228859542354
15/06/2012 18:15:05,12513.331429227635
16/06/2012 18:15:05,12592.031626895736
17/06/2012 18:15:05,12828.13221990003
18/06/2012 18:15:05,12355.93103389144
19/06/2012 18:15:05,14323.435975593897
20/06/2012 18:15:05,11672.62012997733
21/06/2012 18:15:05,10471.026881303194
22/06/2012 18:15:05,12101.760575932378
23/06/2012 18:15:05,13904.150448943585
24/06/2012 18:15:05,12015.932486741367
25/06/2012 18:15:05,13131.697646224497
26/06/2012 18:15:05,12702.557200269448
27/06/2012 18:15:05,13904.150448943585
28/06/2012 18:15:05,11586.79204078632
29/06/2012 18:15:05,12015.932486741367
30/06/2012 18:15:05,12187.588665123387
01/07/2012 18:15:05,11844.27630835935
02/07/2012 18:15:05,13818.322359752578
03/07/2012 18:15:05,12445.07293269642
04/07/2012 18:15:05,13843.37907413583
05/07/2012 18:15:05,11927.94297582773
06/07/2012 18:15:05,13320.987410960892
07/07/2012 18:15:05,14801.097123289881
08/07/2012 18:15:05,13408.052688156717
09/07/2012 18:15:05,14365.77073731077
10/07/2012 18:15:05,13146.856856569248
11/07/2012 18:15:05,11927.94297582773
12/07/2012 18:15:05,13146.856856569248
13/07/2012 18:15:05,14017.50962852748
14/07/2012 18:15:05,12972.7263021776
15/07/2012 18:15:05,12972.7263021776
16/07/2012 18:15:05,12885.66102498178
17/07/2012 18:15:05,16421.85025608073
18/07/2012 18:15:05,14009.601065921976
19/07/2012 18:15:05,13267.370545873131
20/07/2012 18:15:05,12896.255285848707
21/07/2012 18:15:05,13916.822250915868
22/07/2012 18:15:05,12896.255285848707
23/07/2012 18:15:05,13916.822250915868
24/07/2012 18:15:05,14937.389215983038
25/07/2012 18:15:05,14287.937510940294
26/07/2012 18:15:05,16514.62907108683
27/07/2012 18:15:05,15586.840921025776
28/07/2012 18:15:05,15772.398551037984
29/07/2012 18:15:05,13452.928175885341
30/07/2012 18:15:05,18730.04175867601
31/07/2012 18:15:05,13465.38137245356
01/08/2012 18:15:05,14275.329124180089
02/08/2012 18:15:05,15591.494220735703
03/08/2012 18:15:05,17515.120131086212
04/08/2012 18:15:05,15186.520344872439
05/08/2012 18:15:05,14680.30300004336
06/08/2012 18:15:05,14275.329124180089
07/08/2012 18:15:05,15085.276875906622
08/08/2012 18:15:05,17211.389724188764
09/08/2012 18:15:05,16097.711565564783
10/08/2012 18:15:05,16603.928910393864
11/08/2012 18:15:05,15996.468096598965
12/08/2012 18:15:05,18405.542938256647
13/08/2012 18:15:05,16663.006328717558
14/08/2012 18:15:05,17752.091709679487
15/08/2012 18:15:05,18623.360014449037
16/08/2012 18:15:05,16771.91486681375
17/08/2012 18:15:05,15573.920947755629
18/08/2012 18:15:05,16118.463638236593
19/08/2012 18:15:05,17207.549019198526
20/08/2012 18:15:05,20583.713700180517
21/08/2012 18:15:05,19712.44539541097
22/08/2012 18:15:05,16227.372176332785
23/08/2012 18:15:05,17969.908785871874
24/08/2012 18:15:05,16989.73194300614
25/08/2012 18:15:05,15893.575269775467
26/08/2012 18:15:05,21353.20036244643
27/08/2012 18:15:05,18077.425306843856
28/08/2012 18:15:05,18198.750308903203
29/08/2012 18:15:05,20139.95034185288
30/08/2012 18:15:05,19169.35032537804
31/08/2012 18:15:05,17349.475294487725
01/09/2012 18:15:05,19775.975335674815
02/09/2012 18:15:05,18562.72531508127
03/09/2012 18:15:05,21838.500370683843
04/09/2012 18:15:05,15529.6002635974
05/09/2012 18:15:05,21838.500370683843
06/09/2012 18:15:05,24909.46412539746
07/09/2012 18:15:05,23034.558223485816
08/09/2012 18:15:05,18749.059019116365
09/09/2012 18:15:05,20490.04307089145
10/09/2012 18:15:05,19284.746419662548
11/09/2012 18:15:05,21159.65232157418
12/09/2012 18:15:05,18882.980869252908
13/09/2012 18:15:05,19418.668269799095
14/09/2012 18:15:05,21695.339722120367
15/09/2012 18:15:05,19150.824569526005
16/09/2012 18:15:05,20088.277520481814
17/09/2012 18:15:05,23570.245624032006
18/09/2012 18:15:05,22364.94897280309
19/09/2012 18:15:05,19150.824569526005
20/09/2012 18:15:05,20929.447944362895
21/09/2012 18:15:05,23207.483094769734
22/09/2012 18:15:05,24488.87786687358
23/09/2012 18:15:05,21214.202338163745
24/09/2012 18:15:05,22210.842716466745
25/09/2012 18:15:05,21214.202338163745
26/09/2012 18:15:05,20359.939156761182
27/09/2012 18:15:05,20359.939156761182
28/09/2012 18:15:05,23349.86029167016
29/09/2012 18:15:05,23919.369079271877
30/09/2012 18:15:05,21641.333928865028
01/10/2012 18:15:05,21071.82514126332
02/10/2012 18:15:05,19363.298778458182
03/10/2012 18:15:05,20954.797401613356
04/10/2012 18:15:05,20347.411969682526
05/10/2012 18:15:05,20651.10468564794
06/10/2012 18:15:05,21562.182833544168
07/10/2012 18:15:05,20802.951043630652
08/10/2012 18:15:05,25206.49542512911
09/10/2012 18:15:05,22017.721907492294
10/10/2012 18:15:05,22625.107339423117
11/10/2012 18:15:05,20954.797401613356
12/10/2012 18:15:05,22928.800055388525
13/10/2012 18:15:05,22169.568265474994
14/10/2012 18:15:05,20954.797401613356
15/10/2012 18:15:05,23839.87820328476
16/10/2012 18:15:05,23080.646413371232
17/10/2012 18:15:05,21534.35777796887
18/10/2012 18:15:05,23672.520961596983
19/10/2012 18:15:05,24283.424728347876
20/10/2012 18:15:05,21076.179952905706
21/10/2012 18:15:05,24130.698786660152
22/10/2012 18:15:05,25352.506320161938
23/10/2012 18:15:05,20923.454011217982
24/10/2012 18:15:05,23825.24690328471
25/10/2012 18:15:05,21076.179952905706
26/10/2012 18:15:05,24588.87661172332
27/10/2012 18:15:05,27185.217620414598
28/10/2012 18:15:05,25810.6841452251
29/10/2012 18:15:05,24130.698786660152
30/10/2012 18:15:05,24474.80663994312
31/10/2012 18:15:05,22832.202167463714
01/11/2012 18:15:05,22175.160378471955
02/11/2012 18:15:05,23817.76485095136
03/11/2012 18:15:05,23489.24395645548
04/11/2012 18:15:05,26281.671559670463
05/11/2012 18:15:05,25131.848428934878
06/11/2012 18:15:05,22339.42082571989
07/11/2012 18:15:05,25788.890217926644
08/11/2012 18:15:05,26610.192454166347
09/11/2012 18:15:05,23817.76485095136
10/11/2012 18:15:05,26281.671559670463
11/11/2012 18:15:05,21682.379036728133
12/11/2012 18:15:05,23612.18752542136
13/11/2012 18:15:05,22774.875911044717
14/11/2012 18:15:05,24114.57449404735
15/11/2012 18:15:05,22774.875911044717
16/11/2012 18:15:05,23612.18752542136
17/11/2012 18:15:05,23612.18752542136
18/11/2012 18:15:05,26626.50933717728
19/11/2012 18:15:05,20597.86571366544
20/11/2012 18:15:05,26626.50933717728
21/11/2012 18:15:05,25789.197722800636
22/11/2012 18:15:05,24616.96146267333
23/11/2012 18:15:05,24282.036816922675
24/11/2012 18:15:05,27128.896305803264
25/11/2012 18:15:05,23612.18752542136
26/11/2012 18:15:05,27180.90557096034
27/11/2012 18:15:05,25984.261929471522
28/11/2012 18:15:05,28890.39648737294
29/11/2012 18:15:05,28206.600120807903
30/11/2012 18:15:05,22052.432821722537
01/12/2012 18:15:05,27351.854662601607
02/12/2012 18:15:05,25813.312837830264
03/12/2012 18:15:05,25642.363746189003
04/12/2012 18:15:05,18975.34917217986
05/12/2012 18:15:05,20513.890996951202
06/12/2012 18:15:05,24445.72010470019
07/12/2012 18:15:05,21197.68736351624
08/12/2012 18:15:05,23078.127371570106
09/12/2012 18:15:05,22223.381913363803
10/12/2012 18:15:05,24274.771013058922
11/12/2012 18:15:05,24292.233661730887
12/12/2012 18:15:05,21611.711326643333
13/12/2012 18:15:05,22784.43984824414
14/12/2012 18:15:05,17423.395178069048
15/12/2012 18:15:05,19768.852221270656
16/12/2012 18:15:05,19266.254283441733
17/12/2012 18:15:05,21109.113388814418
18/12/2012 18:15:05,21109.113388814418
19/12/2012 18:15:05,23957.168369844938
20/12/2012 18:15:05,18093.525761840934
21/12/2012 18:15:05,20271.450159099568
22/12/2012 18:15:05,24124.701015787912
23/12/2012 18:15:05,23119.50514013008
24/12/2012 18:15:05,21276.646034757396
25/12/2012 18:15:05,20606.515450985506
26/12/2012 18:15:05,24124.701015787912
27/12/2012 18:15:05,23847.084879835766
28/12/2012 18:15:05,26068.862974230407
29/12/2012 18:15:05,19847.884309925415
30/12/2012 18:15:05,23698.96634020946
31/12/2012 18:15:05,24883.914657219928
01/01/2013 18:15:05,24291.440498714688
02/01/2013 18:15:05,23106.492181704223
03/01/2013 18:15:05,23698.96634020946
04/01/2013 18:15:05,20884.71408730958
05/01/2013 18:15:05,22069.662404320054
06/01/2013 18:15:05,21032.83262693589
07/01/2013 18:15:05,24735.796117593618
08/01/2013 18:15:05,23261.18198683824
09/01/2013 18:15:05,21645.822126641135
10/01/2013 18:15:05,23584.25395887766
11/01/2013 18:15:05,19545.854308384914
12/01/2013 18:15:05,19222.782336345495
13/01/2013 18:15:05,19707.390294404617
14/01/2013 18:15:05,24876.54184703534
15/01/2013 18:15:05,20515.07022450317
16/01/2013 18:15:05,19868.92628042433
17/01/2013 18:15:05,19868.92628042433
18/01/2013 18:15:05,20191.99825246375
19/01/2013 18:15:05,22776.574028779112
20/01/2013 18:15:05,21322.750154601723
21/01/2013 18:15:05,23584.25395887766
22/01/2013 18:15:05,20676.606210522878
23/01/2013 18:15:05,21645.822126641135
24/01/2013 18:15:05,23907.325930917083
25/01/2013 18:15:05,20513.428489587084
26/01/2013 18:15:05,22136.793334086775
27/01/2013 18:15:05,22431.950578541273
28/01/2013 18:15:05,21841.63608963229
29/01/2013 18:15:05,23907.736800813716
30/01/2013 18:15:05,21398.900222950553
31/01/2013 18:15:05,28039.93822317659
01/02/2013 18:15:05,22579.529200768513
02/02/2013 18:15:05,23760.158178586476
03/02/2013 18:15:05,24350.47266749545
04/02/2013 18:15:05,25973.837511995156
05/02/2013 18:15:05,28005.767174802582
06/02/2013 18:15:05,25074.931075113946
07/02/2013 18:15:05,24097.985708551067
08/02/2013 18:15:05,24749.282619592985
09/02/2013 18:15:05,22144.094975425298
10/02/2013 18:15:05,26703.17335271874
11/02/2013 18:15:05,25889.052213916344
12/02/2013 18:15:05,23283.864569748665
13/02/2013 18:15:05,25563.403758395383
14/02/2013 18:15:05,26703.17335271874
15/02/2013 18:15:05,28657.06408584451
16/02/2013 18:15:05,30773.779046730753
17/02/2013 18:15:05,30285.30636344931
18/02/2013 18:15:05,29220.336385810424
19/02/2013 18:15:05,30127.80024872379
20/02/2013 18:15:05,31398.249656802505
21/02/2013 18:15:05,35754.07619878667
22/02/2013 18:15:05,29220.336385810424
23/02/2013 18:15:05,29401.82915839309
24/02/2013 18:15:05,29764.814703558437
25/02/2013 18:15:05,35391.090653621315
26/02/2013 18:15:05,28131.37975031438
27/02/2013 18:15:05,36843.0328342827
28/02/2013 18:15:05,31035.26411163716
01/03/2013 18:15:05,34306.27040628332
02/03/2013 18:15:05,32569.24405659809
03/03/2013 18:15:05,33003.5006440194
04/03/2013 18:15:05,37997.45139936445
05/03/2013 18:15:05,32569.24405659809
06/03/2013 18:15:05,35174.783581125936
07/03/2013 18:15:05,33003.5006440194
08/03/2013 18:15:05,31700.730881755477
09/03/2013 18:15:05,36911.80993081116
10/03/2013 18:15:05,40168.734336470974
11/03/2013 18:15:05,40385.86263018163
12/03/2013 18:15:05,25621.138657857166
13/03/2013 18:15:05,33437.75723144071
14/03/2013 18:15:05,44580.90169472018
15/03/2013 18:15:05,40966.23398974286
16/03/2013 18:15:05,42412.10107173379
17/03/2013 18:15:05,48918.502940692946
18/03/2013 18:15:05,43135.03461272926
19/03/2013 18:15:05,47472.63585870204
20/03/2013 18:15:05,45062.85738871716
21/03/2013 18:15:05,53738.0598806627
22/03/2013 18:15:05,54220.01557465967
23/03/2013 18:15:05,50605.347869682366
24/03/2013 18:15:05,72228.7385885214
25/03/2013 18:15:05,45267.78086653876
26/03/2013 18:15:05,51924.80746455917
27/03/2013 18:15:05,41939.26756752854
28/03/2013 18:15:05,59580.38805228263
29/03/2013 18:15:05,60578.94204198569
30/03/2013 18:15:05,55253.32076356937
31/03/2013 18:15:05,52257.65879446019
01/04/2013 18:15:05,72561.58991842243
02/04/2013 18:15:05,58248.98273267855
03/04/2013 18:15:05,59247.5367223816
04/04/2013 18:15:05,53256.212784163254
05/04/2013 18:15:05,54925.472865525975
06/04/2013 18:15:05,64079.71834311364
07/04/2013 18:15:05,61791.15697371672
08/04/2013 18:15:05,64461.145238013116
09/04/2013 18:15:05,64079.71834311364
10/04/2013 18:15:05,70182.5486615054
11/04/2013 18:15:05,62554.01076351569
12/04/2013 18:15:05,65986.85281761106
13/04/2013 18:15:05,60646.876289018255
14/04/2013 18:15:05,62172.5838686162
15/04/2013 18:15:05,61028.30318391775
16/04/2013 18:15:05,69801.12176660592
17/04/2013 18:15:05,74501.15066424302
18/04/2013 18:15:05,72716.69196569828
19/04/2013 18:15:05,55764.33432952322
20/04/2013 18:15:05,64686.62782224694
21/04/2013 18:15:05,77623.95338669632
22/04/2013 18:15:05,72270.57729106209
23/04/2013 18:15:05,70932.23326715353
24/04/2013 18:15:05,78070.06806133252
25/04/2013 18:15:05,70932.23326715353
26/04/2013 18:15:05,76731.72403742393
27/04/2013 18:15:05,70932.23326715353
28/04/2013 18:15:05,74501.15066424302
29/04/2013 18:15:05,80746.7561091496
30/04/2013 18:15:05,74633.39017917754
01/05/2013 18:15:05,70626.22829036263
02/05/2013 18:15:05,72128.91399866821
03/05/2013 18:15:05,73631.59970697381
04/05/2013 18:15:05,77137.86635968684
05/05/2013 18:15:05,77137.86635968684
06/05/2013 18:15:05,81645.9234846036
07/05/2013 18:15:05,88157.56155392782
08/05/2013 18:15:05,81645.9234846036
09/05/2013 18:15:05,83148.60919290919
10/05/2013 18:15:05,83649.50442901105
11/05/2013 18:15:05,87656.66631782598
12/05/2013 18:15:05,89159.35202613153
13/05/2013 18:15:05,100101.88526765954
14/05/2013 18:15:05,81749.87296858862
15/05/2013 18:15:05,81749.87296858862
16/05/2013 18:15:05,80637.62979894796
17/05/2013 18:15:05,89535.57515607329
18/05/2013 18:15:05,81749.87296858862
19/05/2013 18:15:05,85642.72406233095
20/05/2013 18:15:05,76744.77870520567
21/05/2013 18:15:05,82862.11613822929
22/05/2013 18:15:05,92316.18308017492
23/05/2013 18:15:05,89535.57515607329
24/05/2013 18:15:05,90091.6967408936
25/05/2013 18:15:05,103913.69215821098
26/05/2013 18:15:05,97268.04905506961
27/05/2013 18:15:05,103913.69215821098
28/05/2013 18:15:05,97872.19842808245
29/05/2013 18:15:05,101497.09466615958
30/05/2013 18:15:05,102101.24403917242
31/05/2013 18:15:05,112371.78338039096
01/06/2013 18:15:05,119621.57585654521
02/06/2013 18:15:05,123246.47209462234
03/06/2013 18:15:05,126267.21895968661
04/06/2013 18:15:05,126871.36833269947
05/06/2013 18:15:05,156703.56208219207
06/06/2013 18:15:05,138085.31708232765
07/06/2013 18:15:05,124897.39354075704
08/06/2013 18:15:05,130327.71499905082
09/06/2013 18:15:05,129551.95479072313
10/06/2013 18:15:05,139636.837498983
11/06/2013 18:15:05,136533.7966656723
12/06/2013 18:15:05,155152.04166553667
13/06/2013 18:15:05,149721.7202072429
14/06/2013 18:15:05,133430.75583236152
15/06/2013 18:15:05,136533.7966656723
16/06/2013 18:15:05,145067.1589572768
17/06/2013 18:15:05,148049.40044623762
18/06/2013 18:15:05,140358.52250097855
19/06/2013 18:15:05,120169.96789467342
20/06/2013 18:15:05,140358.52250097855
21/06/2013 18:15:05,166315.235566228
22/06/2013 18:15:05,165353.87582307056
23/06/2013 18:15:05,169199.3147957002
24/06/2013 18:15:05,137474.44327150637
25/06/2013 18:15:05,142281.2419872933
26/06/2013 18:15:05,181696.99145674618
27/06/2013 18:15:05,159585.7173641263
28/06/2013 18:15:05,161508.43685044107
29/06/2013 18:15:05,170754.1790257701
30/06/2013 18:15:05,173935.93391444904
01/07/2013 18:15:05,162269.49932262627
02/07/2013 18:15:05,166511.8391741982
03/07/2013 18:15:05,185602.36850627186
04/07/2013 18:15:05,180299.44369180696
05/07/2013 18:15:05,187723.53843205783
06/07/2013 18:15:05,199389.97302388056
07/07/2013 18:15:05,198329.38806098772
08/07/2013 18:15:05,197268.80309809468
09/07/2013 18:15:05,213177.5775414894
10/07/2013 18:15:05,181360.02865469994
11/07/2013 18:15:05,249708.21205766973
12/07/2013 18:15:05,214592.99473705995
13/07/2013 18:15:05,196385.10427452155
14/07/2013 18:15:05,211991.86752812588
15/07/2013 18:15:05,222396.37636386216
16/07/2013 18:15:05,213292.4311325929
17/07/2013 18:15:05,219795.24915492805
18/07/2013 18:15:05,223696.93996832913
19/07/2013 18:15:05,219795.24915492805
20/07/2013 18:15:05,243205.39403533464
21/07/2013 18:15:05,253609.9028710708
22/07/2013 18:15:05,279682.5502044249
23/07/2013 18:15:05,225299.83210911998
24/07/2013 18:15:05,239283.95961934124
25/07/2013 18:15:05,212869.49654447896
26/07/2013 18:15:05,276574.96631326457
27/07/2013 18:15:05,256375.67102072274
28/07/2013 18:15:05,275021.1743676844
29/07/2013 18:15:05,257929.46296630293
30/07/2013 18:15:05,287451.50993232545
31/07/2013 18:15:05,309204.59717044747
01/08/2013 18:15:05,287451.50993232545
02/08/2013 18:15:05,295220.4696602263
03/08/2013 18:15:05,332726.00314468844
04/08/2013 18:15:05,317855.56724995375
05/08/2013 18:15:05,356890.4614736323
06/08/2013 18:15:05,351314.0480131068
07/08/2013 18:15:05,327149.589684163
08/08/2013 18:15:05,375478.5063420507
09/08/2013 18:15:05,386631.33326310164
10/08/2013 18:15:05,369902.09288152517
11/08/2013 18:15:05,397784.1601841527
12/08/2013 18:15:05,425666.2274867802
13/08/2013 18:15:05,484952.76558004273
14/08/2013 18:15:05,388972.53072565934
15/08/2013 18:15:05,421807.8742284746
16/08/2013 18:15:05,434436.8524987882
17/08/2013 18:15:05,472323.78730972914
18/08/2013 18:15:05,497581.7438503564
19/08/2013 18:15:05,449591.62642316456
20/08/2013 18:15:05,457169.01338535274
21/08/2013 18:15:05,520313.90473692096
22/08/2013 18:15:05,525365.4960450463
23/08/2013 18:15:05,543046.0656234854
24/08/2013 18:15:05,607932.2985806193
25/08/2013 18:15:05,467388.8101990783
26/08/2013 18:15:05,532757.8745625856
27/08/2013 18:15:05,562173.9535261639
28/08/2013 18:15:05,545831.6874352872
29/08/2013 18:15:05,647153.7371987238
30/08/2013 18:15:05,634079.9243260222
31/08/2013 18:15:05,702717.4419077049
01/09/2013 18:15:05,725596.6144349325
02/09/2013 18:15:05,768086.5062712126
03/09/2013 18:15:05,604663.8453624438
04/09/2013 18:15:05,751934.6930434817
05/09/2013 18:15:05,704398.5917591237
06/09/2013 18:15:05,821078.1130934571
07/09/2013 18:15:05,704398.5917591237
08/09/2013 18:15:05,643898.0992153952
09/09/2013 18:15:05,834042.5043528276
10/09/2013 18:15:05,803792.2580809633
11/09/2013 18:15:05,868614.2143778151
12/09/2013 18:15:05,898864.4606496792
13/09/2013 18:15:05,907507.3881559263
14/09/2013 18:15:05,933436.170674667
15/09/2013 18:15:05,1024579.5805622297
16/09/2013 18:15:05,946196.4432514579
17/09/2013 18:15:05,990986.8074290418
18/09/2013 18:15:05,845418.1238518945
19/09/2013 18:15:05,1091765.126828605
20/09/2013 18:15:05,1080567.5357842091
21/09/2013 18:15:05,1046974.7626510217
22/09/2013 18:15:05,1153351.8775727833
23/09/2013 18:15:05,1237333.8104057526
24/09/2013 18:15:05,1125357.899961793
25/09/2013 18:15:05,1583138.3053526524
26/09/2013 18:15:05,1265031.0757724466
27/09/2013 18:15:05,1302020.2885143312
28/09/2013 18:15:05,1265031.0757724466
29/09/2013 18:15:05,1242837.548127316
30/09/2013 18:15:05,1213246.1779338084
01/10/2013 18:15:05,1449977.1394818686
02/10/2013 18:15:05,1279826.7608692003
03/10/2013 18:15:05,1538751.250062391
04/10/2013 18:15:05,1316815.9736110845
05/10/2013 18:15:05,1560944.7777075216
06/10/2013 18:15:05,1900662.831393844
07/10/2013 18:15:05,1439610.9564517727
08/10/2013 18:15:05,1467838.6222645529
09/10/2013 18:15:05,1721887.6145795714
10/10/2013 18:15:05,1834798.2778306904
11/10/2013 18:15:05,1665432.2829540116
12/10/2013 18:15:05,1853616.7217058775
13/10/2013 18:15:05,2154711.823708863
14/10/2013 18:15:05,2427579.259899067
15/10/2013 18:15:05,2333487.0405231346
16/10/2013 18:15:05,2914669.3794106855
17/10/2013 18:15:05,2382309.6754087335
18/10/2013 18:15:05,2302455.7198084407
19/10/2013 18:15:05,2914669.3794106855
20/10/2013 18:15:05,2874742.401610539
21/10/2013 18:15:05,2675107.512609807
22/10/2013 18:15:05,3313939.157412149
23/10/2013 18:15:05,2808197.438610295
24/10/2013 18:15:05,2781579.4534101966
25/10/2013 18:15:05,3194158.2240117104
26/10/2013 18:15:05,3867201.9124552207
27/10/2013 18:15:05,3439672.0527868047
28/10/2013 18:15:05,3478538.4036657508
29/10/2013 18:15:05,3051008.543997335
30/10/2013 18:15:05,3808902.3861368005
31/10/2013 18:15:05,4061533.6668499545
01/11/2013 18:15:05,3692303.3334999597
02/11/2013 18:15:05,4216999.070365743
03/11/2013 18:15:05,3808902.3861368005
04/11/2013 18:15:05,3886635.0878946935
05/11/2013 18:15:05,3303639.8247104893
06/11/2013 18:15:05,4114549.7162497872
07/11/2013 18:15:05,3911362.075941156
08/11/2013 18:15:05,3377994.520130998
09/11/2013 18:15:05,3606580.6154782083
10/11/2013 18:15:05,4266940.446481261
11/11/2013 18:15:05,4952698.732522892
12/11/2013 18:15:05,4800308.002291419
13/11/2013 18:15:05,4774909.547252839
14/11/2013 18:15:05,4292338.90151984
15/11/2013 18:15:05,4139948.1712883664
16/11/2013 18:15:05,4978097.187561471
17/11/2013 18:15:05,5847426.831904994
18/11/2013 18:15:05,4968797.929701653
19/11/2013 18:15:05,4696119.994535098
20/11/2013 18:15:05,4938500.381349813
21/11/2013 18:15:05,4484037.156072224
22/11/2013 18:15:05,5029393.026405332
23/11/2013 18:15:05,4908202.832997973
24/11/2013 18:15:05,5211178.316516367
25/11/2013 18:15:05,5453558.703331083
26/11/2013 18:15:05,4968797.929701653
27/11/2013 18:15:05,5029393.026405332
28/11/2013 18:15:05,5514153.8000347605
29/11/2013 18:15:05,6505609.450413802
30/11/2013 18:15:05,5626473.038195721
01/12/2013 18:15:05,6857264.015301034
02/12/2013 18:15:05,5731969.40766189
03/12/2013 18:15:05,6681436.732857419
04/12/2013 18:15:05,6224285.798504016
05/12/2013 18:15:05,6013293.059571677
06/12/2013 18:15:05,7419911.319120606
07/12/2013 18:15:05,6751767.645834866
08/12/2013 18:15:05,6294616.711481461
09/12/2013 18:15:05,6857264.015301034
10/12/2013 18:15:05,9076027.624300245
11/12/2013 18:15:05,7134389.873828053
12/12/2013 18:15:05,7495624.804148463
13/12/2013 18:15:05,7495624.804148463
14/12/2013 18:15:05,9030873.258010194
15/12/2013 18:15:05,8037477.199629072
16/12/2013 18:15:05,8714792.693979837
17/12/2013 18:15:05,8895410.159140043
18/12/2013 18:15:05,9482416.920910703
19/12/2013 18:15:05,9753343.11865101
20/12/2013 18:15:05,9121181.9905903
21/12/2013 18:15:05,9568753.703050118
22/12/2013 18:15:05,9744865.7343946
23/12/2013 18:15:05,9333937.66125748
24/12/2013 18:15:05,9744865.7343946
25/12/2013 18:15:05,10097089.79708356
26/12/2013 18:15:05,10508017.870220682
27/12/2013 18:15:05,10273201.828428045
28/12/2013 18:15:05,9627457.713498278
29/12/2013 18:15:05,8805601.567224035
30/12/2013 18:15:05,11388578.026943086
31/12/2013 18:15:05,9920977.76573908
01/01/2014 18:15:05,11740802.089632047
02/01/2014 18:15:05,10294911.522975352
03/01/2014 18:15:05,11493634.09756837
04/01/2014 18:15:05,10435937.70822159
05/01/2014 18:15:05,12692356.672161393
06/01/2014 18:15:05,12480817.394292038
07/01/2014 18:15:05,13185948.320523228
08/01/2014 18:15:05,13891079.246754413
09/01/2014 18:15:05,12762869.764784511
10/01/2014 18:15:05,14243644.709870009
11/01/2014 18:15:05,14596210.172985604
12/01/2014 18:15:05,13397487.598392582
13/01/2014 18:15:05,18058648.87470285
14/01/2014 18:15:05,13699664.663567685
15/01/2014 18:15:05,15211965.308247235
16/01/2014 18:15:05,17791772.29034764
17/01/2014 18:15:05,13610705.802115943
18/01/2014 18:15:05,14500294.416633325
19/01/2014 18:15:05,16368430.507119827
20/01/2014 18:15:05,16279471.645668093
21/01/2014 18:15:05,15300924.169698969
22/01/2014 18:15:05,16902183.67583026
23/01/2014 18:15:05,15834677.3384094
24/01/2014 18:15:05,21375126.753939416
25/01/2014 18:15:05,16903799.21867658
26/01/2014 18:15:05,17449083.06444034
27/01/2014 18:15:05,17558139.833593093
28/01/2014 18:15:05,18103423.67935685
29/01/2014 18:15:05,17230969.52613483
30/01/2014 18:15:05,17449083.06444034
31/01/2014 18:15:05,20066445.524106387
01/02/2014 18:15:05,21484183.523092166
02/02/2014 18:15:05,19412104.909189876
03/02/2014 18:15:05,21157013.215633906
04/02/2014 18:15:05,18430593.98681511
05/02/2014 18:15:05,22283133.491096307
06/02/2014 18:15:05,21761890.602415685
07/02/2014 18:15:05,21501269.158075377
08/02/2014 18:15:05,22804376.37977692
09/02/2014 18:15:05,19676919.047693226
10/02/2014 18:15:05,19937540.49203353
11/02/2014 18:15:05,21761890.602415685
12/02/2014 18:15:05,21761890.602415685
13/02/2014 18:15:05,23455929.99062769
14/02/2014 18:15:05,24889347.93449938
15/02/2014 18:15:05,23455929.99062769
16/02/2014 18:15:05,25149969.378839683
17/02/2014 18:15:05,25824939.77097237
18/02/2014 18:15:05,25980511.697303522
19/02/2014 18:15:05,29714237.92925134
20/02/2014 18:15:05,26602799.40262816
21/02/2014 18:15:05,26136083.62363469
22/02/2014 18:15:05,25513795.918310046
23/02/2014 18:15:05,28314090.592270903
24/02/2014 18:15:05,28314090.592270903
25/02/2014 18:15:05,26447227.476297002
26/02/2014 18:15:05,28158518.665939756
27/02/2014 18:15:05,28314090.592270903
28/02/2014 18:15:05,35659963.867798746
01/03/2014 18:15:05,28072737.512947947
02/03/2014 18:15:05,28262418.171819214
03/03/2014 18:15:05,26934653.559720326
04/03/2014 18:15:05,26365611.583106514
05/03/2014 18:15:05,30538586.078274455
06/03/2014 18:15:05,30728266.737145722
07/03/2014 18:15:05,31676670.03150207
08/03/2014 18:15:05,33194115.302472237
09/03/2014 18:15:05,31107628.05488826
10/03/2014 18:15:05,31297308.713759534
11/03/2014 18:15:05,31866350.69037335
12/03/2014 18:15:05,31866350.69037335
13/03/2014 18:15:05,35706231.914056286
14/03/2014 18:15:05,29367847.55061435
15/03/2014 18:15:05,36973908.78674469
16/03/2014 18:15:05,33382157.647460908
17/03/2014 18:15:05,37607747.223088875
18/03/2014 18:15:05,30635524.423302736
19/03/2014 18:15:05,32748319.211116716
20/03/2014 18:15:05,35283672.95649349
21/03/2014 18:15:05,38241585.65943307
22/03/2014 18:15:05,37185188.265526086
23/03/2014 18:15:05,43312293.15018662
24/03/2014 18:15:05,42044616.277498245
25/03/2014 18:15:05,37582750.87299238
26/03/2014 18:15:05,39324997.602203935
27/03/2014 18:15:05,41565029.11119024
28/03/2014 18:15:05,45547307.349388115
29/03/2014 18:15:05,42560598.67073971
30/03/2014 18:15:05,37084966.09321764
31/03/2014 18:15:05,41813921.501077615
01/04/2014 18:15:05,44551737.78983865
02/04/2014 18:15:05,46045092.12916285
03/04/2014 18:15:05,51769617.09657227
04/04/2014 18:15:05,50027370.36736071
05/04/2014 18:15:05,54454168.87705699
06/04/2014 18:15:05,43198279.22090554
07/04/2014 18:15:05,44415132.15670569
08/04/2014 18:15:05,47457264.49620609
09/04/2014 18:15:05,44110918.92275566
10/04/2014 18:15:05,53237315.94125684
11/04/2014 18:15:05,45327771.85855581
12/04/2014 18:15:05,48674117.43200625
13/04/2014 18:15:05,60538433.55605776
14/04/2014 18:15:05,55366808.5789071
15/04/2014 18:15:05,59321580.62025761
16/04/2014 18:15:05,45327771.85855581
17/04/2014 18:15:05,60364106.06763534
18/04/2014 18:15:05,54119543.370983414
19/04/2014 18:15:05,56547984.41968138
20/04/2014 18:15:05,58976425.46837935
21/04/2014 18:15:05,61404866.51707734
22/04/2014 18:15:05,53425703.071355425
23/04/2014 18:15:05,60711026.21744935
24/04/2014 18:15:05,50997262.02265744
25/04/2014 18:15:05,56894904.56949538
26/04/2014 18:15:05,61751786.66689132
27/04/2014 18:15:05,57935665.01893737
28/04/2014 18:15:05,57588744.86912338
29/04/2014 18:15:05,54813383.6706114
30/04/2014 18:15:05,58067924.62807055
01/05/2014 18:15:05,66817885.873396255
02/05/2014 18:15:05,67613336.89569858
03/05/2014 18:15:05,57272473.60576822
04/05/2014 18:15:05,60454277.69497756
05/05/2014 18:15:05,49715688.89389603
06/05/2014 18:15:05,73976945.07411727
07/05/2014 18:15:05,64829258.317640394
08/05/2014 18:15:05,62045179.73958224
09/05/2014 18:15:05,66022434.85109392
10/05/2014 18:15:05,70397415.47375676
11/05/2014 18:15:05,66022434.85109392
12/05/2014 18:15:05,69096596.76360624
13/05/2014 18:15:05,74817971.01791754
14/05/2014 18:15:05,66015856.78051549
15/05/2014 18:15:05,73057548.17043714
16/05/2014 18:15:05,80099239.56035879
17/05/2014 18:15:05,80539345.27222891
18/05/2014 18:15:05,67776279.62799591
19/05/2014 18:15:05,77898711.00100829
20/05/2014 18:15:05,78778922.42474851
21/05/2014 18:15:05,78338816.71287839
22/05/2014 18:15:05,73497653.88230725
23/05/2014 18:15:05,69536702.47547632
24/05/2014 18:15:05,87319120.09901299
25/05/2014 18:15:05,78483256.75566049
26/05/2014 18:15:05,87838876.76626901
27/05/2014 18:15:05,67048610.07602782
28/05/2014 18:15:05,91996930.10431726
29/05/2014 18:15:05,68088123.4105399
30/05/2014 18:15:05,84720336.76273283
31/05/2014 18:15:05,79003013.42291652
01/06/2014 18:15:05,93036443.43882932
02/06/2014 18:15:05,93036443.43882932
03/06/2014 18:15:05,97714253.44413356
04/06/2014 18:15:05,95115470.10785344
05/06/2014 18:15:05,75364716.7521243
06/06/2014 18:15:05,86494362.12419711
07/06/2014 18:15:05,89416468.95271729
08/06/2014 18:15:05,87663204.85560519
09/06/2014 18:15:05,79481305.7357487
10/06/2014 18:15:05,103442581.72961411
11/06/2014 18:15:05,85325519.39278905
12/06/2014 18:15:05,90585311.68412535
13/06/2014 18:15:05,98182789.43827781
14/06/2014 18:15:05,102858160.36391008
15/06/2014 18:15:05,108702374.02095042
16/06/2014 18:15:05,118637537.23791899
17/06/2014 18:15:05,104027003.09531812
18/06/2014 18:15:05,113768842.8586026
19/06/2014 18:15:05,101053501.59793527
20/06/2014 18:15:05,123807270.16965577
21/06/2014 18:15:05,126484184.11926997
22/06/2014 18:15:05,129161098.06888412
23/06/2014 18:15:05,105738101.00976005
24/06/2014 18:15:05,132507240.50590186
25/06/2014 18:15:05,124476498.65705933
26/06/2014 18:15:05,114438071.34600616
27/06/2014 18:15:05,125145727.14446287
28/06/2014 18:15:05,125145727.14446287
29/06/2014 18:15:05,145472743.41577172
30/06/2014 18:15:05,104506281.18949117
01/07/2014 18:15:05,115374934.43319826
02/07/2014 18:15:05,116210984.68271418
03/07/2014 18:15:05,111194683.1856186
04/07/2014 18:15:05,133768039.9225487
05/07/2014 18:15:05,127079637.92642125
06/07/2014 18:15:05,124571487.17787348
07/07/2014 18:15:05,116210984.68271418
08/07/2014 18:15:05,135440140.42158055
09/07/2014 18:15:05,132931989.67303275
10/07/2014 18:15:05,128751738.42545313
11/07/2014 18:15:05,125407537.42738938
12/07/2014 18:15:05,137948291.17012835
13/07/2014 18:15:05,132716120.67349797
14/07/2014 18:15:05,124959983.7510208
15/07/2014 18:15:05,118927432.81131636
16/07/2014 18:15:05,142195843.5787478
17/07/2014 18:15:05,147366601.52706593
18/07/2014 18:15:05,137025085.63042971
19/07/2014 18:15:05,148228394.5184522
20/07/2014 18:15:05,146504808.53567958
21/07/2014 18:15:05,128407155.7165662
22/07/2014 18:15:05,123236397.76824811
23/07/2014 18:15:05,125821776.74240714
24/07/2014 18:15:05,128407155.7165662
25/07/2014 18:15:05,135301499.647657
26/07/2014 18:15:05,130395098.64687596
27/07/2014 18:15:05,149954363.4439074
28/07/2014 18:15:05,126669524.39982238
29/07/2014 18:15:05,138777640.70274657
30/07/2014 18:15:05,162993873.308595
31/07/2014 18:15:05,143434608.5115636
01/08/2014 18:15:05,142503214.9498002
02/08/2014 18:15:05,157405511.93801457
03/08/2014 18:15:05,141571821.3880368
04/08/2014 18:15:05,125738130.838059
05/08/2014 18:15:05,122943950.15276879
06/08/2014 18:15:05,142503214.9498002
07/08/2014 18:15:05,146228789.1968538
08/08/2014 18:15:05,157903329.12391794
09/08/2014 18:15:05,169672521.35675654
10/08/2014 18:15:05,175557117.47317585
11/08/2014 18:15:05,178499415.53138548
12/08/2014 18:15:05,177518649.51198226
13/08/2014 18:15:05,153980265.04630506
14/08/2014 18:15:05,166730223.29854688
15/08/2014 18:15:05,159864861.16272435
16/08/2014 18:15:05,167710989.31795013
17/08/2014 18:15:05,161826393.20153078
18/08/2014 18:15:05,171634053.39556298
19/08/2014 18:15:05,202037799.9970627
20/08/2014 18:15:05,187281346.34363714
21/08/2014 18:15:05,199134596.1122218
22/08/2014 18:15:05,190837321.2742126
23/08/2014 18:15:05,186096021.36677873
24/08/2014 18:15:05,194393296.20478794
25/08/2014 18:15:05,158833546.89903405
26/08/2014 18:15:05,196763946.1585049
27/08/2014 18:15:05,190837321.2742126
28/08/2014 18:15:05,214543820.81138182
29/08/2014 18:15:05,196763946.1585049
30/08/2014 18:15:05,203875896.01965567
31/08/2014 18:15:05,231138370.48740026
01/09/2014 18:15:05,204522695.65842453
02/09/2014 18:15:05,194978303.1943648
03/09/2014 18:15:05,216794057.39793003
04/09/2014 18:15:05,227701934.49971262
05/09/2014 18:15:05,203159211.0207017
06/09/2014 18:15:05,229065419.13743553
07/09/2014 18:15:05,223611480.58654416
08/09/2014 18:15:05,208613149.57159302
09/09/2014 18:15:05,179979972.17941362
10/09/2014 18:15:05,212703603.48476154
11/09/2014 18:15:05,220884511.31109852
12/09/2014 18:15:05,219521026.67337573
13/09/2014 18:15:05,241336780.876941
14/09/2014 18:15:05,252083493.01791033
15/09/2014 18:15:05,219460923.33323961
16/09/2014 18:15:05,250600648.94133443
17/09/2014 18:15:05,280257530.4728533
18/09/2014 18:15:05,274326154.1665495
19/09/2014 18:15:05,240220740.40530282
20/09/2014 18:15:05,256532025.24763823
21/09/2014 18:15:05,259497713.40079013
22/09/2014 18:15:05,232806520.0224231
23/09/2014 18:15:05,223909455.56296748
24/09/2014 18:15:05,241703584.48187876
25/09/2014 18:15:05,241703584.48187876
26/09/2014 18:15:05,260177353.0926775
27/09/2014 18:15:05,220547690.03882593
28/09/2014 18:15:05,239501007.15153757
29/09/2014 18:15:05,237777978.32310924
30/09/2014 18:15:05,261900381.9211058
01/10/2014 18:15:05,249839180.12210757
02/10/2014 18:15:05,255008266.6073925
03/10/2014 18:15:05,242947064.80839422
04/10/2014 18:15:05,246393122.4652509
05/10/2014 18:15:05,306699131.46024233
06/10/2014 18:15:05,275684612.5485324
07/10/2014 18:15:05,260177353.0926775
08/10/2014 18:15:05,225716776.52411097
09/10/2014 18:15:05,247077560.3299994
10/10/2014 18:15:05,276657268.2568303
11/10/2014 18:15:05,248817543.1492248
12/10/2014 18:15:05,257517457.2453515
13/10/2014 18:15:05,266217371.3414782
14/10/2014 18:15:05,243597594.69154862
15/10/2014 18:15:05,255777474.42612612
16/10/2014 18:15:05,260997422.88380215
17/10/2014 18:15:05,233157697.77619657
18/10/2014 18:15:05,294057096.44908375
19/10/2014 18:15:05,233157697.77619657
20/10/2014 18:15:05,240117629.05309802
21/10/2014 18:15:05,243597594.69154862
22/10/2014 18:15:05,297537062.0875345
23/10/2014 18:15:05,255806390.89316687
24/10/2014 18:15:05,291583508.5006027
25/10/2014 18:15:05,271906093.816513
26/10/2014 18:15:05,232551264.4483335
27/10/2014 18:15:05,266539526.1753976
28/10/2014 18:15:05,268328382.0557694
29/10/2014 18:15:05,257595246.77353868
30/10/2014 18:15:05,309472067.30432075
31/10/2014 18:15:05,336304905.5098977
01/11/2014 18:15:05,286216940.85948735
02/11/2014 18:15:05,293372364.3809745
03/11/2014 18:15:05,277272661.45762837
04/11/2014 18:15:05,293372364.3809745
05/11/2014 18:15:05,314993428.4367333
06/11/2014 18:15:05,285462794.5207895
07/11/2014 18:15:05,283494085.59305996
08/11/2014 18:15:05,307118592.725815
09/11/2014 18:15:05,273650540.95441204
10/11/2014 18:15:05,311056010.58127403
11/11/2014 18:15:05,277587958.80987114
12/11/2014 18:15:05,265775705.24349368
13/11/2014 18:15:05,287431503.4485191
14/11/2014 18:15:05,287431503.4485191
15/11/2014 18:15:05,295306339.1594374
16/11/2014 18:15:05,285462794.5207895
17/11/2014 18:15:05,299243757.0148966
18/11/2014 18:15:05,295306339.1594374
19/11/2014 18:15:05,274455576.19439745
20/11/2014 18:15:05,274455576.19439745
21/11/2014 18:15:05,248412346.3365349
22/11/2014 18:15:05,316525409.04171383
23/11/2014 18:15:05,282468877.6891244
24/11/2014 18:15:05,310515432.92066866
25/11/2014 18:15:05,256425647.8312618
26/11/2014 18:15:05,286475528.4364878
27/11/2014 18:15:05,262435623.95230705
28/11/2014 18:15:05,310515432.92066866
29/11/2014 18:15:05,302502131.4259417
30/11/2014 18:15:05,312518758.2943504
01/12/2014 18:15:05,286475528.4364878
02/12/2014 18:15:05,284472203.06280607
03/12/2014 18:15:05,242402370.21548972
04/12/2014 18:15:05,294339755.8888744
05/12/2014 18:15:05,298317320.1576429
06/12/2014 18:15:05,288373409.48572147
07/12/2014 18:15:05,242631420.3948829
08/12/2014 18:15:05,298317320.1576429
09/12/2014 18:15:05,276440716.67941576
10/12/2014 18:15:05,326160270.0390229
11/12/2014 18:15:05,288373409.48572147
12/12/2014 18:15:05,282407063.0825686
13/12/2014 18:15:05,284395845.2169529
14/12/2014 18:15:05,262519241.73872578
15/12/2014 18:15:05,304283666.5607958
16/12/2014 18:15:05,264508023.8731101
17/12/2014 18:15:05,252575331.06680438
18/12/2014 18:15:05,272641755.6692882
19/12/2014 18:15:05,243219983.4747607
20/12/2014 18:15:05,276564658.6285585
21/12/2014 18:15:05,284410464.54709923
22/12/2014 18:15:05,253027240.8729365
23/12/2014 18:15:05,317755139.700897
24/12/2014 18:15:05,296179173.4249102
25/12/2014 18:15:05,331485300.0583433
26/12/2014 18:15:05,282449013.06746405
27/12/2014 18:15:05,313832236.7416268
28/12/2014 18:15:05,327562397.0990728
29/12/2014 18:15:05,331485300.0583433
30/12/2014 18:15:05,286371916.02673435
31/12/2014 18:15:05,313142288.94134825
01/01/2015 18:15:05,335365290.0920246
02/01/2015 18:15:05,323243653.10074663
03/01/2015 18:15:05,331324744.4282652
04/01/2015 18:15:05,335365290.0920246
05/01/2015 18:15:05,339405835.755784
06/01/2015 18:15:05,317182834.6051076
07/01/2015 18:15:05,299000379.1181906
08/01/2015 18:15:05,272736832.303755
09/01/2015 18:15:05,307081470.4457093
10/01/2015 18:15:05,284858469.295033
11/01/2015 18:15:05,296980106.2863109
12/01/2015 18:15:05,358478281.0068714
13/01/2015 18:15:05,229513533.57147256
14/01/2015 18:15:05,330062319.7075463
15/01/2015 18:15:05,303832201.58509225
16/01/2015 18:15:05,325690633.3538039
17/01/2015 18:15:05,299460515.2313499
18/01/2015 18:15:05,325690633.3538039
